image_id,file_name,width,height,final_split,source_group,annotation_count,negative,Channel,T-beam,HI-Beam,Angle Bar,Sheet Pile
1,000001.jpg,1080,486,train,3335c6b3-082d-4f55-b381-89b6f83418a6.jpg,230,False,230,0,0,0,0
2,000002.jpg,413,225,train,-2024-04-08-181403_png.jpg,5,False,0,5,0,0,0
3,000003.jpg,351,184,test,-2024-04-09-190637.png,6,False,0,6,0,0,0
4,000004.jpg,1080,810,valid,e17dace4-abb1-448e-9bce-f2a36f1a99c4.jpg,0,True,0,0,0,0,0
5,000005.jpg,640,640,train,-2024-04-09-190750_png_jpg,6,False,0,6,0,0,0
6,000006.jpg,640,640,valid,Besi-T-Beam.jpg,18,False,0,18,0,0,0
7,000007.jpg,640,640,train,-2024-04-09-190619_png_jpg,6,False,0,6,0,0,0
8,000008.jpg,1020,574,train,9a4d57a2-0362-4187-bde1-e89688adc324.jpg,154,False,154,0,0,0,0
9,000009.jpg,720,500,valid,63425d5759c4599a8fe3dca4673630a.png,20,False,0,20,0,0,0
10,000010.jpg,640,640,train,-_20230924182518_png_jpg,5,False,0,5,0,0,0
11,000011.jpg,640,640,train,8c41814c-8_jpg,35,False,0,0,0,35,0
12,000012.jpg,640,640,train,2b13b33baf8efae5a7c98d265a29d9b_png_jpg,10,False,0,10,0,0,0
13,000013.jpg,540,960,train,c53f257f-2c37-4a2c-91cf-4bdadea9f7f8.jpg,154,False,154,0,0,0,0
14,000014.jpg,500,500,train,img_71.jpg,1,False,0,0,1,0,0
15,000015.jpg,401,500,train,img_138.jpg,2,False,0,0,2,0,0
16,000016.jpg,640,640,train,63425d5759c4599a8fe3dca4673630a_png_jpg,15,False,0,15,0,0,0
17,000017.jpg,500,667,train,steelbeam148.jpg,146,False,0,146,0,0,0
18,000018.jpg,640,640,train,417_original_png_jpg,22,False,0,0,0,22,0
19,000019.jpg,640,640,train,-2024-04-08-181435_png,5,False,0,5,0,0,0
20,000020.jpg,409,268,train,-2024-04-08-181353.png,5,False,0,5,0,0,0
21,000021.jpg,640,640,train,-2024-04-10-133606_png_jpg,3,False,0,3,0,0,0
22,000022.jpg,640,640,train,103f559751e75f575b7101078f8b0fa_png_jpg,19,False,0,19,0,0,0
23,000023.jpg,640,640,train,-2024-04-08-181332_png_jpg,5,False,0,5,0,0,0
24,000024.jpg,500,500,train,img_49.jpg,1,False,0,0,1,0,0
25,000025.jpg,500,500,train,steelbeam106.jpg,3,False,0,0,3,0,0
26,000026.jpg,540,960,train,29e06fc8-2ab9-4e90-bfac-008bc475bc61.jpg,178,False,178,0,0,0,0
27,000027.jpg,299,340,train,-2024-04-08-181153_png.jpg,10,False,0,10,0,0,0
28,000028.jpg,640,640,train,-_20240404161141_png,7,False,0,7,0,0,0
29,000029.jpg,640,640,train,63425d5759c4599a8fe3dca4673630a_png,19,False,0,19,0,0,0
30,000030.jpg,416,416,train,16c3ab3b-13.jpg,22,False,0,0,0,22,0
31,000031.jpg,640,640,train,-2024-04-09-190611_png_jpg,6,False,0,6,0,0,0
32,000032.jpg,574,1020,train,5572f326-9f86-4e0f-a21d-e961d61bef86.jpg,132,False,0,0,132,0,0
33,000033.jpg,640,640,train,-2024-04-08-181132_png_jpg,10,False,0,10,0,0,0
34,000034.jpg,640,640,test,-_20240404161141_png_jpg,7,False,0,7,0,0,0
35,000035.jpg,640,640,train,-2024-04-08-181132_png_jpg,10,False,0,10,0,0,0
36,000036.jpg,402,426,train,c60978eed390eee904ede0407128e00.png,10,False,0,10,0,0,0
37,000037.jpg,1080,810,train,66a8f315-fca0-4e1a-8cb9-b56f2f2f2602.jpg,0,True,0,0,0,0,0
38,000038.jpg,640,640,train,Harga-Besi-T-Beam_jpg,10,False,0,10,0,0,0
39,000039.jpg,640,640,train,-2024-04-08-181153_png_jpg,10,False,0,10,0,0,0
40,000040.jpg,640,640,train,irii8idx_png_jpg,9,False,0,9,0,0,0
41,000041.jpg,640,640,train,923a108f41cc108b080c4fe180deb58_png_jpg,10,False,0,10,0,0,0
42,000042.jpg,640,640,train,-2024-04-08-181520_png,5,False,0,5,0,0,0
43,000043.jpg,640,640,train,c53b2cdbce75a32fd0107fdacfe80da_png,5,False,0,5,0,0,0
44,000044.jpg,540,960,valid,c31a9bf3-eb7b-472d-9e20-24b75b5eddc5.jpg,146,False,146,0,0,0,0
45,000045.jpg,856,787,train,-_20240404161141.png,7,False,0,7,0,0,0
46,000046.jpg,640,640,train,-2024-04-08-181746_png_jpg,4,False,0,4,0,0,0
47,000047.jpg,640,640,test,-2024-04-08-180928_png_jpg,10,False,0,10,0,0,0
48,000048.jpg,607,1080,train,22066d1d-aea7-451c-a76b-fa428ce913c8.jpg,60,False,0,0,60,0,0
49,000049.jpg,640,640,train,-2024-04-08-181115_png_jpg,4,False,0,4,0,0,0
50,000050.jpg,640,640,train,-_20230708190558_png_jpg,19,False,0,19,0,0,0
51,000051.jpg,416,416,train,16c3ab3b-13.jpg,22,False,0,0,0,22,0
52,000052.jpg,453,288,valid,-_20230924182512_png.jpg,5,False,0,5,0,0,0
53,000053.jpg,169,199,train,-2024-04-10-131903.png,12,False,0,12,0,0,0
54,000054.jpg,640,640,train,-2024-04-08-181549_png_jpg,5,False,0,5,0,0,0
55,000055.jpg,504,1080,train,19574211-ae62-485d-aa2e-390a7a0d8d07.jpg,86,False,0,0,86,0,0
56,000056.jpg,640,640,valid,-_20230708190618_png_jpg,4,False,0,4,0,0,0
57,000057.jpg,347,292,train,-2024-04-08-181520.png,5,False,0,5,0,0,0
58,000058.jpg,640,640,train,-_20230924182503_png_jpg,5,False,0,5,0,0,0
59,000059.jpg,640,640,valid,-2024-04-08-181520_png_jpg,5,False,0,5,0,0,0
60,000060.jpg,474,258,train,-_20230708190603.png,21,False,0,21,0,0,0
61,000061.jpg,640,640,train,-2024-04-08-181047_png,5,False,0,5,0,0,0
62,000062.jpg,640,640,train,-2024-04-10-131727_png_jpg,6,False,0,6,0,0,0
63,000063.jpg,640,640,train,-2024-04-09-190757_png_jpg,6,False,0,6,0,0,0
64,000064.jpg,308,165,valid,-2024-04-08-181545.png,7,False,0,7,0,0,0
65,000065.jpg,963,1280,train,0f986a00-5ce7-4b05-9ba0-8534553d2a51.jpg,52,False,0,0,52,0,0
66,000066.jpg,640,640,train,-2024-04-08-181337_png_jpg,5,False,0,5,0,0,0
67,000067.jpg,640,640,train,1670333703-5cdf9b336c4b445e5e7cfce6_jpg,10,False,0,0,0,10,0
68,000068.jpg,640,640,valid,-_20230924182512_png_jpg,5,False,0,5,0,0,0
69,000069.jpg,640,640,train,-2024-04-10-132132_png_jpg,7,False,0,7,0,0,0
70,000070.jpg,465,503,train,-2024-04-08-181047_png.jpg,5,False,0,5,0,0,0
71,000071.jpg,388,428,train,-2024-04-08-180928_png.jpg,10,False,0,10,0,0,0
72,000072.jpg,753,652,train,9726cfb3c55806a364cf3645086f339_png.jpg,12,False,0,0,12,0,0
73,000073.jpg,640,640,train,-2024-04-08-181435_png_jpg,5,False,0,5,0,0,0
74,000074.jpg,640,640,test,-2024-04-09-190630_png_jpg,5,False,0,5,0,0,0
75,000075.jpg,607,1080,test,5cdadad4-c7de-4861-9742-89a437764a4f.jpg,120,False,0,0,120,0,0
76,000076.jpg,1020,574,train,05180fd3-a4e9-4606-b669-980f5c1790a4.jpg,315,False,0,0,315,0,0
77,000077.jpg,640,640,train,-2024-04-09-190700_png_jpg,5,False,0,5,0,0,0
78,000078.jpg,500,890,train,steelbeam74.jpg,3,False,0,0,3,0,0
79,000079.jpg,212,256,test,-2024-04-08-175906_png.jpg,2,False,0,0,2,0,0
80,000080.jpg,391,447,train,-2024-04-08-180955_png.jpg,10,False,0,10,0,0,0
81,000081.jpg,259,314,train,-2024-04-08-181226_png.jpg,10,False,0,10,0,0,0
82,000082.jpg,416,416,train,og.jpg,88,False,0,0,0,88,0
83,000083.jpg,640,640,valid,-2024-04-08-181520_png_jpg,5,False,0,5,0,0,0
84,000084.jpg,640,640,train,103f559751e75f575b7101078f8b0fa_png_jpg,20,False,0,20,0,0,0
85,000085.jpg,136,129,train,irii8idx.png,9,False,0,9,0,0,0
86,000086.jpg,414,371,test,-2024-04-08-175704_png.jpg,3,False,0,0,3,0,0
87,000087.jpg,640,640,train,-2024-04-08-181724_png_jpg,4,False,0,4,0,0,0
88,000088.jpg,751,500,test,steelbeam134.jpg,35,False,0,0,35,0,0
89,000089.jpg,1080,810,train,94f76c37-4bb3-4a2d-bdba-4ac1cd4c86cf.jpg,21,False,0,0,21,0,0
90,000090.jpg,416,416,train,e327edd1-7.jpg,29,False,0,0,0,29,0
91,000091.jpg,640,640,train,-2024-04-10-133445_png_jpg,6,False,0,6,0,0,0
92,000092.jpg,640,640,train,d5f3ab32-26_jpg,33,False,0,0,0,33,0
93,000093.jpg,347,210,train,-2024-04-08-181115_png.jpg,3,False,0,3,0,0,0
94,000094.jpg,640,640,train,417_original_png_jpg,5,False,0,0,0,5,0
95,000095.jpg,640,640,train,d573a1a8ebd9fed84355b19c820fd55_png,21,False,0,21,0,0,0
96,000096.jpg,640,640,train,-2024-04-08-181302_png_jpg,4,False,0,4,0,0,0
97,000097.jpg,574,1020,train,29f1f335-5da4-4a9b-b638-88294f28e2f8.jpg,46,False,0,0,46,0,0
98,000098.jpg,780,1040,valid,18cf4515-b854-44c9-9f58-1e94104e3d57.jpg,56,False,0,0,0,0,56
99,000099.jpg,466,315,train,-_20230924182503_png.jpg,5,False,0,5,0,0,0
100,000100.jpg,216,144,train,-2024-04-08-181203_png.jpg,5,False,0,5,0,0,0
101,000101.jpg,1000,669,train,000053.jpg,2,False,0,0,2,0,0
102,000102.jpg,960,1280,train,YARD-J-DEPAN-WH-K.jpg,0,True,0,0,0,0,0
103,000103.jpg,190,117,train,-2024-04-10-133630.png,6,False,0,6,0,0,0
104,000104.jpg,921,550,test,7f2f593r_png.jpg,7,False,0,0,7,0,0
105,000105.jpg,640,640,train,55f2e3dcaca58008c38d3de88bfed5a_png_jpg,20,False,0,20,0,0,0
106,000106.jpg,416,416,train,16c3ab3b-13.jpg,40,False,0,0,0,40,0
107,000107.jpg,286,314,train,-2024-04-08-181147_png.jpg,10,False,0,10,0,0,0
108,000108.jpg,1080,810,train,8aa04eb3-626c-4a67-b793-80ddd774a7c8.jpg,170,False,170,0,0,0,0
109,000109.jpg,640,640,train,-2024-04-08-181800_png_jpg,6,False,0,6,0,0,0
110,000110.jpg,271,186,train,images.jpg,6,False,0,6,0,0,0
111,000111.jpg,640,640,train,-2024-04-08-181616_png_jpg,8,False,0,8,0,0,0
112,000112.jpg,138,137,train,xc066iwm.png,8,False,0,8,0,0,0
113,000113.jpg,486,1080,train,04584b4c-44e5-41bd-ba2d-7cd0e878ba79.jpg,59,False,0,0,59,0,0
114,000114.jpg,608,1080,test,194277bf-3501-4f42-857d-3edfb330c2c2.jpg,54,False,0,0,54,0,0
115,000115.jpg,332,279,train,-2024-04-08-175454.png,3,False,0,0,3,0,0
116,000116.jpg,640,640,train,-2024-04-08-181107_png_jpg,6,False,0,6,0,0,0
117,000117.jpg,327,228,test,-2024-04-08-175838.png,6,False,0,0,6,0,0
118,000118.jpg,550,550,test,Welded-Steel-Section-with-T-Shape.jpg,13,False,0,13,0,0,0
119,000119.jpg,1280,720,train,WH-L.jpg,0,True,0,0,0,0,0
120,000120.jpg,640,640,train,-_20230708190552_png_jpg,2,False,0,2,0,0,0
121,000121.jpg,640,640,train,-_20230708190548_png_jpg,3,False,0,3,0,0,0
122,000122.jpg,686,521,valid,-2024-04-08-181644.png,7,False,0,7,0,0,0
123,000123.jpg,640,640,train,-2024-04-09-190744_png_jpg,6,False,0,6,0,0,0
124,000124.jpg,640,640,train,-2024-04-08-181332_png_jpg,5,False,0,5,0,0,0
125,000125.jpg,500,500,train,steelbeam100.jpg,60,False,0,0,60,0,0
126,000126.jpg,640,640,train,-2024-04-09-190716_png_jpg,6,False,0,6,0,0,0
127,000127.jpg,640,640,train,417_original_png_jpg,10,False,0,0,0,10,0
128,000128.jpg,1280,960,valid,WH-K-2.jpg,0,True,0,0,0,0,0
129,000129.jpg,800,800,train,bd9682d2-3730-412c-a7c2-d41bafdd9416.png,5,False,0,5,0,0,0
130,000130.jpg,640,640,train,1670333703-5cdf9b336c4b445e5e7cfce6_jpg,9,False,0,0,0,9,0
131,000131.jpg,640,640,valid,-2024-04-08-181545_png_jpg,3,False,0,3,0,0,0
132,000132.jpg,640,640,train,-2024-04-08-181235_png_jpg,5,False,0,5,0,0,0
133,000133.jpg,960,1280,train,YARD-J-DEPAN-WH-L.jpg,0,True,0,0,0,0,0
134,000134.jpg,416,416,train,1670333703-5cdf9b336c4b445e5e7cfce6.jpg,8,False,0,0,0,8,0
135,000135.jpg,640,640,train,-2024-04-08-181819_png_jpg,10,False,0,10,0,0,0
136,000136.jpg,640,640,train,-2024-04-08-181549_png_jpg,5,False,0,5,0,0,0
137,000137.jpg,1020,574,test,0ef4dfb4-134b-42d1-941f-1e77e170374f.jpg,100,False,100,0,0,0,0
138,000138.jpg,640,640,train,-2024-04-09-190603_png_jpg,5,False,0,5,0,0,0
139,000139.jpg,500,500,test,img_129.jpg,6,False,0,0,6,0,0
140,000140.jpg,640,640,test,-2024-04-10-132218_png_jpg,5,False,0,5,0,0,0
141,000141.jpg,325,267,train,-_20230924182422_png.jpg,18,False,0,0,18,0,0
142,000142.jpg,640,640,train,d01bdd40-12_jpg,30,False,0,0,0,30,0
143,000143.jpg,391,447,train,-2024-04-08-180955.png,10,False,0,10,0,0,0
144,000144.jpg,1080,810,train,14be09c1-6fdb-41d8-83a6-18f6a75e0234.jpg,0,True,0,0,0,0,0
145,000145.jpg,640,640,train,-2024-04-08-181009_png_jpg,5,False,0,5,0,0,0
146,000146.jpg,640,640,test,-2024-04-09-190723_png_jpg,4,False,0,4,0,0,0
147,000147.jpg,416,416,train,og.jpg,44,False,0,0,0,44,0
148,000148.jpg,566,466,train,923a108f41cc108b080c4fe180deb58_png.jpg,10,False,0,10,0,0,0
149,000149.jpg,286,242,train,-2024-04-08-181514.png,5,False,0,5,0,0,0
150,000150.jpg,640,640,test,16c3ab3b-13_jpg,24,False,0,0,0,24,0
151,000151.jpg,800,520,train,000036.png,1,False,0,0,1,0,0
152,000152.jpg,283,177,train,-_20230924182425_png.jpg,6,False,0,0,6,0,0
153,000153.jpg,640,640,train,-2024-04-10-133630_png_jpg,6,False,0,6,0,0,0
154,000154.jpg,608,1080,train,8ea64c42-3a4c-4a22-a4c8-297905eb331a.jpg,42,False,0,0,42,0,0
155,000155.jpg,640,640,train,417_original_png_jpg,10,False,0,0,0,10,0
156,000156.jpg,640,640,train,2b13b33baf8efae5a7c98d265a29d9b_png_jpg,10,False,0,10,0,0,0
157,000157.jpg,356,179,train,-2024-04-09-190744.png,6,False,0,6,0,0,0
158,000158.jpg,640,640,valid,-_20230708190618_png_jpg,4,False,0,4,0,0,0
159,000159.jpg,640,640,test,-2024-04-08-180928_png_jpg,10,False,0,10,0,0,0
160,000160.jpg,416,416,train,d01bdd40-12.jpg,21,False,0,0,0,21,0
161,000161.jpg,640,640,train,-2024-04-08-181337_png_jpg,5,False,0,5,0,0,0
162,000162.jpg,686,521,train,-2024-04-08-181644_png.jpg,7,False,0,7,0,0,0
163,000163.jpg,897,579,test,-_20230708190548_png.jpg,3,False,0,3,0,0,0
164,000164.jpg,640,640,train,0f4060d50c39f101b100626f93d1f04_png_jpg,10,False,0,10,0,0,0
165,000165.jpg,360,253,train,-2024-04-08-181446.png,5,False,0,5,0,0,0
166,000166.jpg,667,500,train,steelbeam46.jpg,8,False,0,0,8,0,0
167,000167.jpg,416,416,train,d01bdd40-12.jpg,24,False,0,0,0,24,0
168,000168.jpg,640,640,valid,fe395024-27_jpg,39,False,0,0,0,39,0
169,000169.jpg,720,500,train,63425d5759c4599a8fe3dca4673630a_png.jpg,20,False,0,20,0,0,0
170,000170.jpg,640,640,train,-2024-04-08-181001_png_jpg,10,False,0,10,0,0,0
171,000171.jpg,140,140,train,I-beam-price4.jpg,1,False,0,0,1,0,0
172,000172.jpg,471,329,train,-2024-04-10-132306.png,6,False,0,6,0,0,0
173,000173.jpg,640,640,train,-2024-04-10-133618_png_jpg,4,False,0,4,0,0,0
174,000174.jpg,640,640,train,-2024-04-08-181609_png_jpg,10,False,0,10,0,0,0
175,000175.jpg,800,800,train,7p96blxd_png.jpg,5,False,0,0,5,0,0
176,000176.jpg,1080,486,train,0ee70760-ea1e-4f2d-8dab-180ca80b975d.jpg,372,False,372,0,0,0,0
177,000177.jpg,640,640,train,-_20240404161218_png_jpg,7,False,0,7,0,0,0
178,000178.jpg,640,640,train,-2024-04-08-181644_png_jpg,8,False,0,8,0,0,0
179,000179.jpg,300,275,test,img_128.jpg,3,False,0,0,3,0,0
180,000180.jpg,300,300,train,product-0323479001538175476-o.jpg,12,False,0,12,0,0,0
181,000181.jpg,233,196,train,-2024-04-10-132218_png.jpg,5,False,0,5,0,0,0
182,000182.jpg,640,883,train,-_20240404161215.png,2,False,0,2,0,0,0
183,000183.jpg,174,213,train,-2024-04-08-181248.png,10,False,0,10,0,0,0
184,000184.jpg,640,640,train,-_20230924182506_png_jpg,5,False,0,5,0,0,0
185,000185.jpg,1080,810,train,ecfc3327-59d2-4b13-a011-eb51bb05d766.jpg,0,True,0,0,0,0,0
186,000186.jpg,574,1020,train,2b52f034-07c4-46de-8166-a0f0f5edbd7d.jpg,30,False,0,0,30,0,0
187,000187.jpg,416,416,train,og.jpg,83,False,0,0,0,83,0
188,000188.jpg,416,416,valid,e6c6ea18-15.jpg,9,False,0,0,0,9,0
189,000189.jpg,640,640,train,-2024-04-08-181137_png_jpg,10,False,0,10,0,0,0
190,000190.jpg,271,186,train,images.jpg,5,False,0,5,0,0,0
191,000191.jpg,204,223,test,l9i3vdsp_png.jpg,2,False,0,0,2,0,0
192,000192.jpg,640,640,train,c60978eed390eee904ede0407128e00_png_jpg,10,False,0,10,0,0,0
193,000193.jpg,640,640,train,-_20230924182506_png_jpg,5,False,0,5,0,0,0
194,000194.jpg,424,267,train,-2024-04-08-175642.png,2,False,0,0,2,0,0
195,000195.jpg,640,640,train,a11e48597575f2867df096f0aff0f8c_png_jpg,9,False,0,9,0,0,0
196,000196.jpg,500,500,test,img_76.jpg,2,False,0,0,2,0,0
197,000197.jpg,640,640,train,-2024-04-10-133445_png,6,False,0,6,0,0,0
198,000198.jpg,907,322,train,-_20230708190558_png.jpg,19,False,0,19,0,0,0
199,000199.jpg,640,640,train,-_20230924182503_png_jpg,5,False,0,5,0,0,0
200,000200.jpg,574,1020,train,86605a3e-c9cf-4fbf-aabf-952a7b24b408.jpg,16,False,0,0,16,0,0
201,000201.jpg,640,640,train,103f559751e75f575b7101078f8b0fa_png_jpg,17,False,0,17,0,0,0
202,000202.jpg,84,206,train,-2024-04-08-181302_png.jpg,4,False,0,4,0,0,0
203,000203.jpg,640,640,train,1dce8876-f9ee-4d23-9c1c-f850859b329f_jpg,18,False,0,0,18,0,0
204,000204.jpg,575,597,valid,52a9972f9c6177ed93c9ee9718fb72a_png.jpg,11,False,0,11,0,0,0
205,000205.jpg,412,258,train,-2024-04-08-181030_png.jpg,4,False,0,4,0,0,0
206,000206.jpg,640,640,train,-2024-04-08-181446_png_jpg,4,False,0,4,0,0,0
207,000207.jpg,316,266,valid,24ensjn6_png.jpg,4,False,0,0,4,0,0
208,000208.jpg,640,640,valid,-2024-04-08-181430_png_jpg,5,False,0,5,0,0,0
209,000209.jpg,640,640,valid,-_20230708190618_png_jpg,4,False,0,4,0,0,0
210,000210.jpg,273,232,train,-2024-04-10-132132.png,7,False,0,7,0,0,0
211,000211.jpg,169,199,train,-2024-04-10-131903_png.jpg,11,False,0,11,0,0,0
212,000212.jpg,640,640,train,-2024-04-10-133445_png_jpg,5,False,0,5,0,0,0
213,000213.jpg,247,262,test,c8902ef8e99e0a92d38e98ccb831d94.png,10,False,0,10,0,0,0
214,000214.jpg,388,207,train,72f629d38f7cad8a5a767fbe1c8c47b_png.jpg,10,False,0,10,0,0,0
215,000215.jpg,388,428,train,-2024-04-08-180928.png,11,False,0,11,0,0,0
216,000216.jpg,300,300,train,SUS-ASTM-Universal-Formwork-Channel-A36-Welding-Steel-H-Beam-for-Bridge-Building-Material.jpg,29,False,0,0,29,0,0
217,000217.jpg,493,624,test,103f559751e75f575b7101078f8b0fa_png.jpg,19,False,0,19,0,0,0
218,000218.jpg,640,640,train,-2024-04-08-181729_png_jpg,5,False,0,5,0,0,0
219,000219.jpg,640,640,train,-2024-04-08-181529_png_jpg,5,False,0,5,0,0,0
220,000220.jpg,345,256,train,55f2e3dcaca58008c38d3de88bfed5a.png,19,False,0,19,0,0,0
221,000221.jpg,640,640,valid,-2024-04-08-181056_png_jpg,3,False,0,3,0,0,0
222,000222.jpg,1280,960,train,WH-L-1.jpg,0,True,0,0,0,0,0
223,000223.jpg,640,640,train,a11e48597575f2867df096f0aff0f8c_png,10,False,0,10,0,0,0
224,000224.jpg,640,640,train,-_20230708190558_png_jpg,19,False,0,19,0,0,0
225,000225.jpg,640,640,valid,0804d9c3-5e85-4605-a005-23740bee0700_jpg,17,False,0,0,17,0,0
226,000226.jpg,262,176,test,-2024-04-08-181235_png.jpg,5,False,0,5,0,0,0
227,000227.jpg,311,335,test,-2024-04-08-180147_png.jpg,3,False,0,0,3,0,0
228,000228.jpg,500,667,train,steelbeam79.jpg,6,False,0,0,6,0,0
229,000229.jpg,403,259,train,-2024-04-08-181337_png.jpg,5,False,0,5,0,0,0
230,000230.jpg,640,640,train,irii8idx_png_jpg,8,False,0,8,0,0,0
231,000231.jpg,421,467,train,-2024-04-08-180937_png.jpg,10,False,0,10,0,0,0
232,000232.jpg,416,416,train,d5f3ab32-26.jpg,30,False,0,0,0,30,0
233,000233.jpg,1280,960,train,WH-J-1.jpg,0,True,0,0,0,0,0
234,000234.jpg,347,276,train,-2024-04-10-132159.png,7,False,0,7,0,0,0
235,000235.jpg,640,640,train,-2024-04-08-181752_png_jpg,4,False,0,4,0,0,0
236,000236.jpg,416,416,valid,8c41814c-8.jpg,16,False,0,0,0,16,0
237,000237.jpg,1080,810,test,7496e1da-eefb-472b-abf2-576548470bf3.jpg,0,True,0,0,0,0,0
238,000238.jpg,500,500,test,steelbeam75.jpg,7,False,0,0,7,0,0
239,000239.jpg,640,640,train,-2024-04-08-181703_png,8,False,0,8,0,0,0
240,000240.jpg,308,278,train,ahxol49d.png,6,False,0,0,6,0,0
241,000241.jpg,500,492,train,steelbeam64.jpg,4,False,0,0,4,0,0
242,000242.jpg,217,219,train,-_20230924182411_png.jpg,6,False,0,0,6,0,0
243,000243.jpg,640,640,valid,-2024-04-08-181342_png_jpg,5,False,0,5,0,0,0
244,000244.jpg,640,640,train,images-5-_jpg,5,False,0,5,0,0,0
245,000245.jpg,640,640,train,-_20230708190603_png_jpg,20,False,0,20,0,0,0
246,000246.jpg,640,640,train,-2024-04-08-181435_png_jpg,5,False,0,5,0,0,0
247,000247.jpg,640,640,train,417_original_png_jpg,19,False,0,0,0,19,0
248,000248.jpg,640,640,valid,images-1-_jpg,3,False,0,3,0,0,0
249,000249.jpg,640,640,train,-2024-04-10-131903_png_jpg,12,False,0,12,0,0,0
250,000250.jpg,640,640,valid,-_20230924182509_png,5,False,0,5,0,0,0
251,000251.jpg,294,241,train,-2024-04-08-181549.png,5,False,0,5,0,0,0
252,000252.jpg,368,205,train,-2024-04-09-190630.png,5,False,0,5,0,0,0
253,000253.jpg,178,131,train,-2024-04-08-181805.png,5,False,0,5,0,0,0
254,000254.jpg,640,640,train,-2024-04-08-181549_png_jpg,5,False,0,5,0,0,0
255,000255.jpg,640,640,test,-2024-04-10-132218_png_jpg,5,False,0,5,0,0,0
256,000256.jpg,640,640,train,-2024-04-08-181153_png,10,False,0,10,0,0,0
257,000257.jpg,1278,732,test,-_20230924182432_png.jpg,5,False,0,0,5,0,0
258,000258.jpg,1080,810,train,b13bf2a1-9ea0-457d-b9c3-074405b5f03a.jpg,0,True,0,0,0,0,0
259,000259.jpg,960,1280,train,WhatsApp-Image-2025-12-18-at-11-56-00.jpeg,92,False,0,0,92,0,0
260,000260.jpg,640,640,train,-2024-04-08-181030_png_jpg,4,False,0,4,0,0,0
261,000261.jpg,474,258,valid,-_20230708190603_png.jpg,19,False,0,19,0,0,0
262,000262.jpg,640,640,train,c60978eed390eee904ede0407128e00_png_jpg,10,False,0,10,0,0,0
263,000263.jpg,347,210,train,-2024-04-08-181115.png,3,False,0,3,0,0,0
264,000264.jpg,640,640,train,-2024-04-08-181616_png_jpg,8,False,0,8,0,0,0
265,000265.jpg,416,416,train,og.jpg,41,False,0,0,0,41,0
266,000266.jpg,413,225,train,-2024-04-08-181403.png,5,False,0,5,0,0,0
267,000267.jpg,640,640,train,-2024-04-08-181403_png_jpg,5,False,0,5,0,0,0
268,000268.jpg,599,534,train,-_20230708190625.png,13,False,0,13,0,0,0
269,000269.jpg,640,640,train,-2024-04-08-181353_png_jpg,5,False,0,5,0,0,0
270,000270.jpg,640,640,train,og_jpg,83,False,0,0,0,83,0
271,000271.jpg,454,314,valid,-2024-04-08-181319_png.jpg,5,False,0,5,0,0,0
272,000272.jpg,216,144,train,-2024-04-08-181203.png,5,False,0,5,0,0,0
273,000273.jpg,640,640,valid,-_20230924182512_png_jpg,5,False,0,5,0,0,0
274,000274.jpg,640,640,train,-2024-04-08-181425_png_jpg,5,False,0,5,0,0,0
275,000275.jpg,331,215,train,-2024-04-08-181056.png,3,False,0,3,0,0,0
276,000276.jpg,795,723,train,c53b2cdbce75a32fd0107fdacfe80da.png,5,False,0,5,0,0,0
277,000277.jpg,1080,810,train,1dc16d51-1f31-41d7-81b2-8ea85fdeed96.jpg,0,True,0,0,0,0,0
278,000278.jpg,640,640,valid,-2024-04-08-181324_png_jpg,5,False,0,5,0,0,0
279,000279.jpg,640,640,train,-2024-04-08-181409_png,5,False,0,5,0,0,0
280,000280.jpg,640,640,train,-2024-04-08-181302_png_jpg,4,False,0,4,0,0,0
281,000281.jpg,471,257,train,-2024-04-08-180035_png.jpg,4,False,0,0,4,0,0
282,000282.jpg,640,640,train,-2024-04-08-180955_png_jpg,10,False,0,10,0,0,0
283,000283.jpg,247,180,train,-2024-04-10-133606.png,3,False,0,3,0,0,0
284,000284.jpg,623,508,train,1597886626403_png.jpg,8,False,0,0,8,0,0
285,000285.jpg,298,250,train,-2024-04-08-175857_png.jpg,5,False,0,0,5,0,0
286,000286.jpg,453,288,train,-_20230924182512.png,5,False,0,5,0,0,0
287,000287.jpg,640,640,train,-_20230924182512_png,5,False,0,5,0,0,0
288,000288.jpg,1080,486,train,1a6d38b9-fb29-449b-8476-3a01c93774a7.jpg,42,False,0,0,42,0,0
289,000289.jpg,488,1040,train,75eca624-51dc-4c3c-b562-01af37c83370.jpg,462,False,462,0,0,0,0
290,000290.jpg,640,640,valid,Besi-T-Beam.jpg,18,False,0,18,0,0,0
291,000291.jpg,640,640,train,-2024-04-08-181724_png_jpg,4,False,0,4,0,0,0
292,000292.jpg,540,960,valid,8c1ef5ca-bc5b-4f76-9150-408f28da951e.jpg,143,False,143,0,0,0,0
293,000293.jpg,640,640,train,103f559751e75f575b7101078f8b0fa_png_jpg,19,False,0,19,0,0,0
294,000294.jpg,640,640,test,16c3ab3b-13_jpg,18,False,0,0,0,18,0
295,000295.jpg,267,221,train,-2024-04-08-181529.png,5,False,0,5,0,0,0
296,000296.jpg,393,242,train,-2024-04-08-181009_png.jpg,5,False,0,5,0,0,0
297,000297.jpg,540,960,valid,118217de-aefa-4733-bd3b-a3e7eeaa1144.jpg,154,False,0,0,154,0,0
298,000298.jpg,424,280,train,-2024-04-08-181324_png.jpg,5,False,0,5,0,0,0
299,000299.jpg,391,227,train,-2024-04-08-181409.png,5,False,0,5,0,0,0
300,000300.jpg,810,1080,valid,f1b0a59b-29ce-4d9a-80fb-33556ede7ad3.jpg,188,False,0,0,188,0,0
301,000301.jpg,360,360,train,000045.jpg,1,False,0,0,1,0,0
302,000302.jpg,640,640,train,-2024-04-09-190744_png_jpg,6,False,0,6,0,0,0
303,000303.jpg,404,568,train,0f4060d50c39f101b100626f93d1f04_png.jpg,10,False,0,10,0,0,0
304,000304.jpg,566,466,train,923a108f41cc108b080c4fe180deb58.png,10,False,0,10,0,0,0
305,000305.jpg,363,294,train,000044.png,1,False,0,0,1,0,0
306,000306.jpg,330,249,train,-2024-04-08-175815_png.jpg,4,False,0,0,4,0,0
307,000307.jpg,1012,644,train,4aedfa6ec53befe81c754afb6a00c59_png.jpg,19,False,0,19,0,0,0
308,000308.jpg,640,640,train,-2024-04-08-181446_png_jpg,5,False,0,5,0,0,0
309,000309.jpg,960,1280,train,WH-K.jpg,0,True,0,0,0,0,0
310,000310.jpg,640,640,train,-2024-04-08-181153_png_jpg,10,False,0,10,0,0,0
311,000311.jpg,640,640,train,-2024-04-08-180937_png_jpg,11,False,0,11,0,0,0
312,000312.jpg,640,640,train,-2024-04-08-181729_png,4,False,0,4,0,0,0
313,000313.jpg,162,91,train,I-beam-price18.jpg,6,False,0,0,6,0,0
314,000314.jpg,640,640,valid,7d2b6e9a3a463279150b7312f8b3ec6_png_jpg,10,False,0,10,0,0,0
315,000315.jpg,328,458,train,05dfrr2l_png.jpg,23,False,0,0,23,0,0
316,000316.jpg,247,180,train,-2024-04-10-133606_png.jpg,3,False,0,3,0,0,0
317,000317.jpg,574,1020,train,a542eea0-3457-48fb-b251-a2de8b20507b.jpg,33,False,0,0,33,0,0
318,000318.jpg,640,640,valid,-2024-04-08-181324_png_jpg,5,False,0,5,0,0,0
319,000319.jpg,640,640,train,-2024-04-08-181153_png_jpg,10,False,0,10,0,0,0
320,000320.jpg,262,176,train,-2024-04-08-181235.png,5,False,0,5,0,0,0
321,000321.jpg,640,640,train,c8902ef8e99e0a92d38e98ccb831d94_png_jpg,10,False,0,10,0,0,0
322,000322.jpg,640,640,train,-_20230924182509_png_jpg,5,False,0,5,0,0,0
323,000323.jpg,595,502,train,-_20230708190618.png,4,False,0,4,0,0,0
324,000324.jpg,416,416,train,d01bdd40-12.jpg,9,False,0,0,0,9,0
325,000325.jpg,416,416,train,16c3ab3b-13.jpg,24,False,0,0,0,24,0
326,000326.jpg,1278,732,train,-_20230924182432.png,5,False,0,0,5,0,0
327,000327.jpg,1280,960,train,WHSE-M.jpg,0,True,0,0,0,0,0
328,000328.jpg,640,640,train,-2024-04-08-180955_png_jpg,10,False,0,10,0,0,0
329,000329.jpg,640,640,train,63425d5759c4599a8fe3dca4673630a_png_jpg,21,False,0,21,0,0,0
330,000330.jpg,864,620,train,ddf31c9f68566960fe78a1d6bd88ecb.png,4,False,0,4,0,0,0
331,000331.jpg,312,148,test,-2024-04-08-181800_png.jpg,9,False,0,9,0,0,0
332,000332.jpg,540,960,test,PHOTO-2024-10-10-14-22-00.jpg,45,False,0,0,45,0,0
333,000333.jpg,640,640,valid,Besi-T-Beam_jpg,19,False,0,19,0,0,0
334,000334.jpg,640,640,train,-2024-04-08-181752_png_jpg,5,False,0,5,0,0,0
335,000335.jpg,358,178,train,-2024-04-09-190700.png,5,False,0,5,0,0,0
336,000336.jpg,394,198,train,-2024-04-08-181342.png,5,False,0,5,0,0,0
337,000337.jpg,416,215,train,-2024-04-08-181441_png.jpg,5,False,0,5,0,0,0
338,000338.jpg,410,248,train,-2024-04-08-181430.png,5,False,0,5,0,0,0
339,000339.jpg,640,640,train,-2024-04-08-181302_png_jpg,4,False,0,4,0,0,0
340,000340.jpg,640,640,train,2b13b33baf8efae5a7c98d265a29d9b_png_jpg,10,False,0,10,0,0,0
341,000341.jpg,640,640,train,-2024-04-08-181514_png_jpg,5,False,0,5,0,0,0
342,000342.jpg,640,640,train,-2024-04-10-132159_png_jpg,9,False,0,9,0,0,0
343,000343.jpg,640,640,train,-2024-04-08-181825_png_jpg,4,False,0,4,0,0,0
344,000344.jpg,392,278,train,-_20230705013609.png,3,False,0,3,0,0,0
345,000345.jpg,297,325,train,-2024-04-08-180157_png.jpg,3,False,0,0,3,0,0
346,000346.jpg,640,640,train,55f2e3dcaca58008c38d3de88bfed5a_png,20,False,0,20,0,0,0
347,000347.jpg,1095,727,train,-_20230924182500_png.jpg,9,False,0,0,9,0,0
348,000348.jpg,718,416,train,13ee5b15fa3a156bb16bb7383011af0.png,3,False,0,0,3,0,0
349,000349.jpg,640,640,train,-2024-04-08-181453_png_jpg,5,False,0,5,0,0,0
350,000350.jpg,600,445,train,img_121.jpg,4,False,0,0,4,0,0
351,000351.jpg,465,503,train,-2024-04-08-181047.png,5,False,0,5,0,0,0
352,000352.jpg,416,416,train,fe395024-27.jpg,36,False,0,0,0,36,0
353,000353.jpg,640,640,train,-2024-04-10-133630_png_jpg,6,False,0,6,0,0,0
354,000354.jpg,640,640,train,-_20230924182509_png_jpg,5,False,0,5,0,0,0
355,000355.jpg,640,640,train,-_20230924182506_png_jpg,5,False,0,5,0,0,0
356,000356.jpg,639,456,train,Harga-Besi-T-Beam.jpg,10,False,0,10,0,0,0
357,000357.jpg,286,286,train,l1wafxgc_png.jpg,3,False,0,0,3,0,0
358,000358.jpg,296,322,train,-2024-04-08-181001.png,10,False,0,10,0,0,0
359,000359.jpg,640,640,train,55f2e3dcaca58008c38d3de88bfed5a_png_jpg,20,False,0,20,0,0,0
360,000360.jpg,225,225,test,images-1-.jpg,3,False,0,3,0,0,0
361,000361.jpg,797,784,test,2b13b33baf8efae5a7c98d265a29d9b.png,10,False,0,10,0,0,0
362,000362.jpg,367,318,test,-2024-04-08-180136_png.jpg,2,False,0,0,2,0,0
363,000363.jpg,640,640,valid,-2024-04-08-181056_png_jpg,2,False,0,2,0,0,0
364,000364.jpg,425,218,train,-2024-04-08-181435_png.jpg,5,False,0,5,0,0,0
365,000365.jpg,347,292,test,-2024-04-08-181520_png.jpg,5,False,0,5,0,0,0
366,000366.jpg,1080,486,train,65867ef9-762d-4a64-afe5-739d073e49da.jpg,658,False,658,0,0,0,0
367,000367.jpg,640,640,train,-_20230924182503_png_jpg,5,False,0,5,0,0,0
368,000368.jpg,640,640,train,-2024-04-10-133606_png_jpg,4,False,0,4,0,0,0
369,000369.jpg,416,416,train,fe395024-27.jpg,27,False,0,0,0,27,0
370,000370.jpg,640,640,train,52a9972f9c6177ed93c9ee9718fb72a_png_jpg,9,False,0,9,0,0,0
371,000371.jpg,404,568,train,0f4060d50c39f101b100626f93d1f04.png,10,False,0,10,0,0,0
372,000372.jpg,960,1280,train,YARD-J-1.jpg,0,True,0,0,0,0,0
373,000373.jpg,640,640,train,63425d5759c4599a8fe3dca4673630a_png_jpg,20,False,0,20,0,0,0
374,000374.jpg,640,640,train,-2024-04-08-181703_png_jpg,5,False,0,5,0,0,0
375,000375.jpg,540,960,train,3b4ae7ba-46e9-4ea2-81c8-863f8907b44c.jpg,80,False,0,0,80,0,0
376,000376.jpg,331,215,test,-2024-04-08-181056_png.jpg,3,False,0,3,0,0,0
377,000377.jpg,640,640,test,-2024-04-10-132132_png,7,False,0,7,0,0,0
378,000378.jpg,416,416,train,417_original_png.jpg,15,False,0,0,0,15,0
379,000379.jpg,404,417,test,-2024-04-08-180059_png.jpg,3,False,0,0,3,0,0
380,000380.jpg,640,640,train,-2024-04-09-190750_png_jpg,5,False,0,5,0,0,0
381,000381.jpg,392,278,test,-_20230705013609_png.jpg,3,False,0,3,0,0,0
382,000382.jpg,503,303,train,c00ccebb664def77130f55678b31ed1.png,10,False,0,10,0,0,0
383,000383.jpg,640,640,train,-_20230820171912_png_jpg,21,False,0,21,0,0,0
384,000384.jpg,1280,720,train,WhatsApp-Image-2025-12-18-at-09-27-38.jpeg,132,False,132,0,0,0,0
385,000385.jpg,640,640,train,417_original_png_jpg,10,False,0,0,0,10,0
386,000386.jpg,640,640,train,55f2e3dcaca58008c38d3de88bfed5a_png_jpg,18,False,0,18,0,0,0
387,000387.jpg,640,640,train,-2024-04-08-181819_png_jpg,7,False,0,7,0,0,0
388,000388.jpg,640,640,test,16c3ab3b-13_jpg,28,False,0,0,0,28,0
389,000389.jpg,403,259,train,-2024-04-08-181337.png,5,False,0,5,0,0,0
390,000390.jpg,640,640,train,-2024-04-09-190603_png_jpg,5,False,0,5,0,0,0
391,000391.jpg,640,640,train,-_20240404161215_png_jpg,2,False,0,2,0,0,0
392,000392.jpg,441,676,valid,-2024-04-08-181616.png,7,False,0,7,0,0,0
393,000393.jpg,136,129,train,irii8idx_png.jpg,8,False,0,8,0,0,0
394,000394.jpg,848,461,train,-_20240404161218.png,7,False,0,7,0,0,0
395,000395.jpg,640,640,train,-2024-04-08-181235_png_jpg,5,False,0,5,0,0,0
396,000396.jpg,484,283,train,-_20230924182506.png,5,False,0,5,0,0,0
397,000397.jpg,215,160,train,-2024-04-08-181746.png,5,False,0,5,0,0,0
398,000398.jpg,640,640,train,-2024-04-08-181009_png_jpg,5,False,0,5,0,0,0
399,000399.jpg,500,500,train,steelbeam21.jpg,4,False,0,0,4,0,0
400,000400.jpg,960,1280,train,YARD-J-LORONG-TIKUS.jpg,0,True,0,0,0,0,0
401,000401.jpg,184,234,train,-2024-04-08-181819.png,10,False,0,10,0,0,0
402,000402.jpg,640,640,train,-2024-04-08-181409_png_jpg,5,False,0,5,0,0,0
403,000403.jpg,351,174,train,-2024-04-09-190707.png,6,False,0,6,0,0,0
404,000404.jpg,640,883,train,-_20240404161215_png.jpg,2,False,0,2,0,0,0
405,000405.jpg,960,540,train,47791c27-13db-4650-bda9-5b1dd804f321.jpg,262,False,262,0,0,0,0
406,000406.jpg,414,262,test,-2024-04-08-181425.png,5,False,0,5,0,0,0
407,000407.jpg,640,640,train,-_20230924182518_png_jpg,5,False,0,5,0,0,0
408,000408.jpg,483,273,train,-_20230924182518.png,5,False,0,5,0,0,0
409,000409.jpg,960,1280,train,WH-K-4.jpg,0,True,0,0,0,0,0
410,000410.jpg,259,300,test,img_73.jpg,1,False,0,0,1,0,0
411,000411.jpg,891,500,train,steelbeam54.jpg,8,False,0,0,8,0,0
412,000412.jpg,477,346,train,-2024-04-08-175806_png.jpg,8,False,0,0,8,0,0
413,000413.jpg,640,640,train,-_20230924182515_png_jpg,10,False,0,10,0,0,0
414,000414.jpg,640,640,train,-_20230924182503_png,5,False,0,5,0,0,0
415,000415.jpg,410,248,valid,-2024-04-08-181430_png.jpg,5,False,0,5,0,0,0
416,000416.jpg,292,201,valid,-2024-04-09-190619.png,6,False,0,6,0,0,0
417,000417.jpg,640,640,train,-2024-04-08-181453_png,5,False,0,5,0,0,0
418,000418.jpg,640,640,train,2b13b33baf8efae5a7c98d265a29d9b_png_jpg,10,False,0,10,0,0,0
419,000419.jpg,867,1156,train,c58c53af-4792-4ce9-82d5-48642c074a7f.jpg,475,False,475,0,0,0,0
420,000420.jpg,416,416,train,d5f3ab32-26.jpg,32,False,0,0,0,32,0
421,000421.jpg,640,640,train,8c41814c-8_jpg,6,False,0,0,0,6,0
422,000422.jpg,416,416,test,c048c3db-14_jpeg.jpg,23,False,0,0,0,23,0
423,000423.jpg,640,640,train,ddf31c9f68566960fe78a1d6bd88ecb_png,4,False,0,4,0,0,0
424,000424.jpg,595,502,train,-_20230708190618_png.jpg,4,False,0,4,0,0,0
425,000425.jpg,640,640,train,-2024-04-08-181703_png_jpg,5,False,0,5,0,0,0
426,000426.jpg,640,640,train,-_20230708190552_png_jpg,2,False,0,2,0,0,0
427,000427.jpg,640,640,train,-2024-04-09-190716_png_jpg,6,False,0,6,0,0,0
428,000428.jpg,575,597,train,52a9972f9c6177ed93c9ee9718fb72a.png,10,False,0,10,0,0,0
429,000429.jpg,416,416,train,fe395024-27.jpg,33,False,0,0,0,33,0
430,000430.jpg,233,131,train,-2024-04-10-133618.png,4,False,0,4,0,0,0
431,000431.jpg,640,640,train,-2024-04-08-181353_png_jpg,5,False,0,5,0,0,0
432,000432.jpg,640,640,train,-2024-04-08-181332_png_jpg,5,False,0,5,0,0,0
433,000433.jpg,1290,1050,valid,-_20230924182448_png.jpg,4,False,0,0,4,0,0
434,000434.jpg,416,416,train,d01bdd40-12.jpg,38,False,0,0,0,38,0
435,000435.jpg,640,640,train,-_20230708190548_png_jpg,3,False,0,3,0,0,0
436,000436.jpg,640,640,train,-_20240404161215_png_jpg,3,False,0,3,0,0,0
437,000437.jpg,220,167,valid,-2024-04-08-181729.png,5,False,0,5,0,0,0
438,000438.jpg,574,1020,train,2ea78bdd-bce1-4012-b19e-68c24bef3647.jpg,195,False,0,0,195,0,0
439,000439.jpg,720,1280,train,WH-K-3.jpg,0,True,0,0,0,0,0
440,000440.jpg,640,640,train,-2024-04-10-132159_png_jpg,7,False,0,7,0,0,0
441,000441.jpg,640,640,train,e6c6ea18-15_jpg,15,False,0,0,0,15,0
442,000442.jpg,640,640,train,-2024-04-08-181609_png_jpg,8,False,0,8,0,0,0
443,000443.jpg,640,640,train,-2024-04-08-181616_png,8,False,0,8,0,0,0
444,000444.jpg,640,640,train,-2024-04-09-190957_png_jpg,14,False,0,14,0,0,0
445,000445.jpg,625,708,valid,-2024-04-09-190957.png,15,False,0,15,0,0,0
446,000446.jpg,640,640,train,c8902ef8e99e0a92d38e98ccb831d94_png_jpg,10,False,0,10,0,0,0
447,000447.jpg,500,500,train,img_137.jpg,1,False,0,0,1,0,0
448,000448.jpg,435,287,train,-2024-04-08-175631.png,2,False,0,0,2,0,0
449,000449.jpg,640,640,train,-2024-04-10-132306_png_jpg,6,False,0,6,0,0,0
450,000450.jpg,486,1080,train,f3336d5d-4d55-453c-8a26-5c7ff938f84d.jpg,28,False,0,0,28,0,0
451,000451.jpg,640,640,train,-2024-04-08-181030_png_jpg,4,False,0,4,0,0,0
452,000452.jpg,640,640,train,bd9682d2-3730-412c-a7c2-d41bafdd9416_png,5,False,0,5,0,0,0
453,000453.jpg,456,575,train,a11e48597575f2867df096f0aff0f8c.png,10,False,0,10,0,0,0
454,000454.jpg,640,640,train,xc066iwm_png_jpg,8,False,0,8,0,0,0
455,000455.jpg,640,640,train,-2024-04-08-181746_png_jpg,5,False,0,5,0,0,0
456,000456.jpg,640,640,train,-2024-04-10-132159_png_jpg,5,False,0,5,0,0,0
457,000457.jpg,640,640,valid,-_20230708190618_png_jpg,4,False,0,4,0,0,0
458,000458.jpg,640,640,train,-_20240404161218_png_jpg,7,False,0,7,0,0,0
459,000459.jpg,640,640,train,-2024-04-09-190619_png_jpg,6,False,0,6,0,0,0
460,000460.jpg,608,1080,train,9755406a-8517-4ae6-b24d-1230487eeb40.jpg,144,False,0,0,144,0,0
461,000461.jpg,640,640,train,-2024-04-08-181115_png_jpg,3,False,0,3,0,0,0
462,000462.jpg,466,315,train,-_20230924182503.png,5,False,0,5,0,0,0
463,000463.jpg,640,640,valid,-2024-04-08-181520_png_jpg,5,False,0,5,0,0,0
464,000464.jpg,500,500,train,img_98.jpg,2,False,0,0,2,0,0
465,000465.jpg,640,640,train,-2024-04-09-190700_png_jpg,5,False,0,5,0,0,0
466,000466.jpg,912,651,train,-_20230708190552.png,2,False,0,2,0,0,0
467,000467.jpg,640,640,train,-2024-04-08-181107_png_jpg,6,False,0,6,0,0,0
468,000468.jpg,889,741,train,5baa02c65ffc09eaf3235a2eb5be451_png.jpg,12,False,0,0,12,0,0
469,000469.jpg,640,640,valid,-2024-04-08-181248_png_jpg,10,False,0,10,0,0,0
470,000470.jpg,640,640,train,-2024-04-09-190744_png_jpg,6,False,0,6,0,0,0
471,000471.jpg,640,640,train,-2024-04-09-190648_png_jpg,8,False,0,8,0,0,0
472,000472.jpg,640,640,test,WhatsApp-Image-2024-12-11-at-16-37-00_5e56e57e_jpg,0,True,0,0,0,0,0
473,000473.jpg,730,564,test,-_20230924182454_png.jpg,4,False,0,0,4,0,0
474,000474.jpg,356,237,train,-2024-04-08-181107.png,3,False,0,3,0,0,0
475,000475.jpg,640,640,train,-_20240404161215_png_jpg,2,False,0,2,0,0,0
476,000476.jpg,218,229,train,-2024-04-08-181137.png,10,False,0,10,0,0,0
477,000477.jpg,1020,574,test,b2493ca8-652e-4282-a8fc-95dea3f64391.jpg,498,False,498,0,0,0,0
478,000478.jpg,640,640,train,0f4060d50c39f101b100626f93d1f04_png_jpg,10,False,0,10,0,0,0
479,000479.jpg,640,640,train,-2024-04-08-181425_png_jpg,5,False,0,5,0,0,0
480,000480.jpg,640,640,train,-2024-04-08-180945_png_jpg,10,False,0,10,0,0,0
481,000481.jpg,640,640,train,-2024-04-10-131727_png_jpg,6,False,0,6,0,0,0
482,000482.jpg,501,516,train,-_20230924182515_png.jpg,10,False,0,10,0,0,0
483,000483.jpg,286,286,train,8hofgt5m_png.jpg,3,False,0,0,3,0,0
484,000484.jpg,366,215,train,-2024-04-09-190603.png,6,False,0,6,0,0,0
485,000485.jpg,640,640,train,-_20230924182515_png_jpg,10,False,0,10,0,0,0
486,000486.jpg,471,329,train,-2024-04-10-132306_png.jpg,6,False,0,6,0,0,0
487,000487.jpg,640,640,train,-2024-04-08-181403_png_jpg,5,False,0,5,0,0,0
488,000488.jpg,469,342,train,-2024-04-08-180015_png.jpg,4,False,0,0,4,0,0
489,000489.jpg,640,640,train,-2024-04-10-132306_png_jpg,6,False,0,6,0,0,0
490,000490.jpg,500,500,train,000009.jpg,1,False,0,0,1,0,0
491,000491.jpg,421,467,train,-2024-04-08-180937.png,10,False,0,10,0,0,0
492,000492.jpg,640,640,train,-2024-04-10-132306_png_jpg,7,False,0,7,0,0,0
493,000493.jpg,640,640,train,-2024-04-08-181703_png_jpg,4,False,0,4,0,0,0
494,000494.jpg,223,234,train,-2024-04-08-181132.png,10,False,0,10,0,0,0
495,000495.jpg,640,640,test,WhatsApp-Image-2024-12-11-at-16-37-01_8cc7dd8c_jpg,0,True,0,0,0,0,0
496,000496.jpg,225,225,train,images-5-.jpg,5,False,0,5,0,0,0
497,000497.jpg,640,640,train,-_20230708190558_png_jpg,20,False,0,20,0,0,0
498,000498.jpg,640,640,train,eb43f681d886ca1a7f144046469daf0_png,5,False,0,5,0,0,0
499,000499.jpg,640,640,train,-2024-04-09-190738_png_jpg,5,False,0,5,0,0,0
500,000500.jpg,1012,644,test,4aedfa6ec53befe81c754afb6a00c59.png,21,False,0,21,0,0,0
501,000501.jpg,640,640,train,-2024-04-08-181030_png_jpg,6,False,0,6,0,0,0
502,000502.jpg,259,300,test,img_73.jpg,1,False,0,0,1,0,0
503,000503.jpg,640,640,train,-2024-04-09-190757_png_jpg,6,False,0,6,0,0,0
504,000504.jpg,248,185,train,-2024-04-08-181539.png,4,False,0,4,0,0,0
505,000505.jpg,640,640,train,-2024-04-09-190716_png_jpg,6,False,0,6,0,0,0
506,000506.jpg,640,640,test,-2024-04-08-180937_png,10,False,0,10,0,0,0
507,000507.jpg,672,213,train,-2024-04-08-181703.png,6,False,0,6,0,0,0
508,000508.jpg,640,640,valid,-_20230705013609_png_jpg,3,False,0,3,0,0,0
509,000509.jpg,416,416,train,fe395024-27.jpg,39,False,0,0,0,39,0
510,000510.jpg,640,640,valid,-_20230705013609_png_jpg,3,False,0,3,0,0,0
511,000511.jpg,1134,777,train,-_20230924182451_png.jpg,4,False,0,0,4,0,0
512,000512.jpg,412,258,valid,-2024-04-08-181030.png,4,False,0,4,0,0,0
513,000513.jpg,640,640,train,-2024-04-08-181453_png_jpg,5,False,0,5,0,0,0
514,000514.jpg,414,371,train,-2024-04-08-175704.png,3,False,0,0,3,0,0
515,000515.jpg,396,252,train,-2024-04-08-181453.png,5,False,0,5,0,0,0
516,000516.jpg,780,1040,train,PHOTO-2024-10-10-18-41-20.jpg,84,False,0,0,0,0,84
517,000517.jpg,640,640,train,-2024-04-10-133630_png_jpg,6,False,0,6,0,0,0
518,000518.jpg,640,640,valid,-2024-04-09-190738_png,5,False,0,5,0,0,0
519,000519.jpg,640,640,train,irii8idx_png_jpg,9,False,0,9,0,0,0
520,000520.jpg,146,168,train,-2024-04-10-131727.png,6,False,0,6,0,0,0
521,000521.jpg,312,148,train,-2024-04-08-181800.png,9,False,0,9,0,0,0
522,000522.jpg,640,640,valid,fe395024-27_jpg,22,False,0,0,0,22,0
523,000523.jpg,285,285,train,img_113.jpg,1,False,0,0,1,0,0
524,000524.jpg,388,207,valid,72f629d38f7cad8a5a767fbe1c8c47b.png,10,False,0,10,0,0,0
525,000525.jpg,413,190,train,-2024-04-09-190648.png,8,False,0,8,0,0,0
526,000526.jpg,640,640,train,-2024-04-08-181115_png_jpg,3,False,0,3,0,0,0
527,000527.jpg,640,640,train,-_20240404161218_png_jpg,7,False,0,7,0,0,0
528,000528.jpg,416,416,train,417_original_png.jpg,5,False,0,0,0,5,0
529,000529.jpg,912,651,train,-_20230708190552_png.jpg,2,False,0,2,0,0,0
530,000530.jpg,607,1080,test,PHOTO-2024-10-10-17-33-33.jpg,83,False,0,0,0,0,83
531,000531.jpg,195,179,train,-2024-04-08-181724.png,4,False,0,4,0,0,0
532,000532.jpg,574,1020,test,88541225-982e-4240-8f6d-e7da49b2e0e2.jpg,42,False,0,0,42,0,0
533,000533.jpg,640,640,train,72f629d38f7cad8a5a767fbe1c8c47b_png_jpg,10,False,0,10,0,0,0
534,000534.jpg,640,640,train,4aedfa6ec53befe81c754afb6a00c59_png,17,False,0,17,0,0,0
535,000535.jpg,1077,830,train,d573a1a8ebd9fed84355b19c820fd55.png,20,False,0,20,0,0,0
536,000536.jpg,640,640,train,-2024-04-10-133618_png_jpg,4,False,0,4,0,0,0
537,000537.jpg,574,1020,train,94586dd6-4b64-4255-8dc0-01b7d8b1ac11.jpg,166,False,166,0,0,0,0
538,000538.jpg,640,640,train,-2024-04-08-180945_png_jpg,10,False,0,10,0,0,0
539,000539.jpg,179,130,valid,-2024-04-08-181825.png,5,False,0,5,0,0,0
540,000540.jpg,320,295,train,-2024-04-08-175552.png,4,False,0,0,4,0,0
541,000541.jpg,300,300,valid,img_88.jpg,2,False,0,0,2,0,0
542,000542.jpg,640,640,train,-2024-04-08-181337_png_jpg,5,False,0,5,0,0,0
543,000543.jpg,565,615,train,7d2b6e9a3a463279150b7312f8b3ec6.png,10,False,0,10,0,0,0
544,000544.jpg,416,416,test,c048c3db-14_jpeg.jpg,22,False,0,0,0,22,0
545,000545.jpg,640,640,train,8c41814c-8_jpg,27,False,0,0,0,27,0
546,000546.jpg,640,640,train,-2024-04-08-181403_png_jpg,5,False,0,5,0,0,0
547,000547.jpg,640,640,train,-2024-04-08-181752_png_jpg,5,False,0,5,0,0,0
548,000548.jpg,308,278,test,ahxol49d_png.jpg,13,False,0,0,13,0,0
549,000549.jpg,640,640,train,-2024-04-08-181729_png_jpg,4,False,0,4,0,0,0
550,000550.jpg,640,640,train,-2024-04-09-190957_png_jpg,15,False,0,15,0,0,0
551,000551.jpg,500,500,test,img_123.jpg,1,False,0,0,1,0,0
552,000552.jpg,247,262,valid,c8902ef8e99e0a92d38e98ccb831d94_png.jpg,10,False,0,10,0,0,0
553,000553.jpg,640,640,train,-_20240404161215_png,2,False,0,2,0,0,0
554,000554.jpg,525,255,train,-_20230924182509_png.jpg,5,False,0,5,0,0,0
555,000555.jpg,415,429,train,-2024-04-08-175718_png.jpg,4,False,0,0,4,0,0
556,000556.jpg,640,640,test,steelbeam148_jpg,148,False,0,148,0,0,0
557,000557.jpg,178,131,train,-2024-04-08-181805_png.jpg,4,False,0,4,0,0,0
558,000558.jpg,304,369,train,-2024-04-08-180117.png,2,False,0,0,2,0,0
559,000559.jpg,640,640,test,-2024-04-09-190630_png_jpg,3,False,0,3,0,0,0
560,000560.jpg,907,322,valid,-_20230708190558.png,20,False,0,20,0,0,0
561,000561.jpg,640,640,train,-2024-04-08-181425_png_jpg,6,False,0,6,0,0,0
562,000562.jpg,640,640,train,-2024-04-09-190738_png_jpg,5,False,0,5,0,0,0
563,000563.jpg,640,640,train,-2024-04-09-190603_png_jpg,5,False,0,5,0,0,0
564,000564.jpg,640,640,test,-2024-04-09-190723_png_jpg,4,False,0,4,0,0,0
565,000565.jpg,416,416,train,1670333703-5cdf9b336c4b445e5e7cfce6.jpg,7,False,0,0,0,7,0
566,000566.jpg,640,640,train,52a9972f9c6177ed93c9ee9718fb72a_png,10,False,0,10,0,0,0
567,000567.jpg,640,640,train,-_20240404161218_png,7,False,0,7,0,0,0
568,000568.jpg,640,640,train,-2024-04-08-181819_png_jpg,9,False,0,9,0,0,0
569,000569.jpg,640,640,train,-2024-04-08-181514_png_jpg,6,False,0,6,0,0,0
570,000570.jpg,388,263,train,-2024-04-08-181332.png,5,False,0,5,0,0,0
571,000571.jpg,640,640,train,923a108f41cc108b080c4fe180deb58_png_jpg,10,False,0,10,0,0,0
572,000572.jpg,640,640,train,8c41814c-8_jpg,30,False,0,0,0,30,0
573,000573.jpg,1080,810,train,01f13791-5551-41b7-8fa6-ee5152710173.jpg,48,False,0,0,48,0,0
574,000574.jpg,913,790,train,-_20230820171912.png,23,False,0,23,0,0,0
575,000575.jpg,196,170,train,-2024-04-08-181752.png,5,False,0,5,0,0,0
576,000576.jpg,431,343,train,-2024-04-08-175651_png.jpg,3,False,0,0,3,0,0
577,000577.jpg,174,213,train,-2024-04-08-181248_png.jpg,10,False,0,10,0,0,0
578,000578.jpg,500,500,train,img_137.jpg,1,False,0,0,1,0,0
579,000579.jpg,416,416,valid,8c41814c-8.jpg,29,False,0,0,0,29,0
580,000580.jpg,640,640,train,-_20230708190625_png_jpg,12,False,0,12,0,0,0
581,000581.jpg,1080,486,train,51d9790d-6350-485f-bc87-bd3aea0b0f45.jpg,661,False,661,0,0,0,0
582,000582.jpg,727,532,train,-_20230924182457_png.jpg,4,False,0,0,4,0,0
583,000583.jpg,640,640,valid,-_20230924182512_png_jpg,5,False,0,5,0,0,0
584,000584.jpg,718,416,train,13ee5b15fa3a156bb16bb7383011af0_png.jpg,3,False,0,0,3,0,0
585,000585.jpg,640,640,train,-2024-04-10-132132_png_jpg,7,False,0,7,0,0,0
586,000586.jpg,392,285,train,-2024-04-10-133445.png,6,False,0,6,0,0,0
587,000587.jpg,205,166,train,-2024-04-08-181739.png,5,False,0,5,0,0,0
588,000588.jpg,640,640,train,-2024-04-09-190619_png,6,False,0,6,0,0,0
589,000589.jpg,1080,810,train,64d267bd-18be-4d79-80b1-29f83f69812f.jpg,0,True,0,0,0,0,0
590,000590.jpg,285,285,train,img_113.jpg,1,False,0,0,1,0,0
591,000591.jpg,300,300,train,product-0323479001538175476-o.jpg,12,False,0,12,0,0,0
592,000592.jpg,640,640,train,-2024-04-08-180955_png_jpg,10,False,0,10,0,0,0
593,000593.jpg,640,640,train,c00ccebb664def77130f55678b31ed1_png,10,False,0,10,0,0,0
594,000594.jpg,960,1280,train,YARD-J.jpg,0,True,0,0,0,0,0
595,000595.jpg,640,640,test,16c3ab3b-13_jpg,19,False,0,0,0,19,0
596,000596.jpg,500,500,train,img_71.jpg,1,False,0,0,1,0,0
597,000597.jpg,327,247,train,wq2zir67_png.jpg,4,False,0,0,4,0,0
598,000598.jpg,215,156,train,-2024-04-09-190723.png,4,False,0,4,0,0,0
599,000599.jpg,640,640,train,-_20230924182515_png_jpg,10,False,0,10,0,0,0
600,000600.jpg,550,550,test,Welded-Steel-Section-with-T-Shape.jpg,13,False,0,13,0,0,0
601,000601.jpg,640,640,valid,-2024-04-08-181342_png_jpg,5,False,0,5,0,0,0
602,000602.jpg,640,640,train,-_20230924182506_png_jpg,5,False,0,5,0,0,0
603,000603.jpg,225,225,test,images-1-.jpg,3,False,0,3,0,0,0
604,000604.jpg,640,640,test,-2024-04-09-190723_png_jpg,4,False,0,4,0,0,0
605,000605.jpg,500,500,train,steelbeam106.jpg,3,False,0,0,3,0,0
606,000606.jpg,454,637,train,-2024-04-08-181609.png,8,False,0,8,0,0,0
607,000607.jpg,416,416,train,417_original_png.jpg,21,False,0,0,0,21,0
608,000608.jpg,424,280,train,-2024-04-08-181324.png,5,False,0,5,0,0,0
609,000609.jpg,640,640,valid,-2024-04-08-181248_png_jpg,10,False,0,10,0,0,0
610,000610.jpg,640,640,train,-2024-04-08-181358_png_jpg,5,False,0,5,0,0,0
611,000611.jpg,640,640,train,-2024-04-08-181453_png_jpg,5,False,0,5,0,0,0
612,000612.jpg,640,640,train,-2024-04-08-181353_png_jpg,5,False,0,5,0,0,0
613,000613.jpg,640,640,test,-_20240404161141_png_jpg,7,False,0,7,0,0,0
614,000614.jpg,302,176,train,-2024-04-09-190757.png,6,False,0,6,0,0,0
615,000615.jpg,416,416,valid,8c41814c-8.jpg,6,False,0,0,0,6,0
616,000616.jpg,640,640,test,e327edd1-7_jpg,39,False,0,0,0,39,0
617,000617.jpg,483,273,train,-_20230924182518_png.jpg,5,False,0,5,0,0,0
618,000618.jpg,162,121,train,I-beam-price10.jpg,5,False,0,0,5,0,0
619,000619.jpg,477,346,test,-2024-04-08-175806.png,8,False,0,0,8,0,0
620,000620.jpg,416,416,train,og.jpg,62,False,0,0,0,62,0
621,000621.jpg,1080,810,train,0ccb3945-bf02-4c23-9328-0dd0bdca6a73.jpg,0,True,0,0,0,0,0
622,000622.jpg,416,215,test,-2024-04-08-181441.png,5,False,0,5,0,0,0
623,000623.jpg,963,1280,train,1107afa4-cb0c-43c4-a59c-5a82df35f3ca.jpg,36,False,0,0,36,0,0
624,000624.jpg,480,480,train,000038.jpg,4,False,0,0,4,0,0
625,000625.jpg,640,640,train,-_20230708190552_png_jpg,2,False,0,2,0,0,0
626,000626.jpg,367,231,valid,-2024-04-08-181358.png,5,False,0,5,0,0,0
627,000627.jpg,640,640,train,-2024-04-08-180945_png_jpg,10,False,0,10,0,0,0
628,000628.jpg,640,640,train,-2024-04-08-181441_png_jpg,5,False,0,5,0,0,0
629,000629.jpg,140,140,train,I-beam-price1.jpg,1,False,0,0,1,0,0
630,000630.jpg,640,640,train,-2024-04-08-181030_png_jpg,4,False,0,4,0,0,0
631,000631.jpg,640,640,test,-2024-04-08-181047_png_jpg,5,False,0,5,0,0,0
632,000632.jpg,640,640,train,-2024-04-09-190611_png_jpg,6,False,0,6,0,0,0
633,000633.jpg,416,416,valid,8c41814c-8.jpg,17,False,0,0,0,17,0
634,000634.jpg,640,640,train,417_original_png_jpg,28,False,0,0,0,28,0
635,000635.jpg,640,640,train,-2024-04-09-190700_png_jpg,5,False,0,5,0,0,0
636,000636.jpg,500,464,train,steelbeam10.jpg,21,False,0,0,21,0,0
637,000637.jpg,416,416,train,417_original_png.jpg,15,False,0,0,0,15,0
638,000638.jpg,897,579,train,-_20230708190548.png,3,False,0,3,0,0,0
639,000639.jpg,454,314,test,-2024-04-08-181319.png,5,False,0,5,0,0,0
640,000640.jpg,640,640,train,-2024-04-10-133445_png_jpg,5,False,0,5,0,0,0
641,000641.jpg,640,640,train,-2024-04-08-181319_png_jpg,5,False,0,5,0,0,0
642,000642.jpg,540,960,valid,a7352af9-e798-48f7-b5fa-59d6b5a284ed.jpg,264,False,264,0,0,0,0
643,000643.jpg,501,516,train,-_20230924182515.png,10,False,0,10,0,0,0
644,000644.jpg,84,206,train,-2024-04-08-181302.png,4,False,0,4,0,0,0
645,000645.jpg,640,640,test,-2024-04-08-181047_png_jpg,5,False,0,5,0,0,0
646,000646.jpg,259,314,train,-2024-04-08-181226.png,1,False,0,1,0,0,0
647,000647.jpg,1080,810,train,26d68488-3f59-4d3e-8ba2-5f0207fee430.jpg,0,True,0,0,0,0,0
648,000648.jpg,640,640,train,-_20230924182518_png_jpg,5,False,0,5,0,0,0
649,000649.jpg,640,640,test,-2024-04-09-190630_png_jpg,5,False,0,5,0,0,0
650,000650.jpg,565,615,train,7d2b6e9a3a463279150b7312f8b3ec6_png.jpg,9,False,0,9,0,0,0
651,000651.jpg,500,500,valid,img_52.jpg,3,False,0,0,3,0,0
652,000652.jpg,640,640,train,-2024-04-08-181739_png_jpg,5,False,0,5,0,0,0
653,000653.jpg,1080,486,train,1a7a4d1b-14e9-4bea-8fe3-bf2a0960401e.jpg,238,False,0,0,238,0,0
654,000654.jpg,640,640,train,-_20230820171912_png_jpg,21,False,0,21,0,0,0
655,000655.jpg,640,640,train,4aedfa6ec53befe81c754afb6a00c59_png_jpg,18,False,0,18,0,0,0
656,000656.jpg,425,218,train,-2024-04-08-181435.png,5,False,0,5,0,0,0
657,000657.jpg,640,640,train,-2024-04-08-181752_png,5,False,0,5,0,0,0
658,000658.jpg,640,640,train,-2024-04-08-181235_png_jpg,5,False,0,5,0,0,0
659,000659.jpg,640,640,train,-2024-04-08-181203_png_jpg,5,False,0,5,0,0,0
660,000660.jpg,640,640,train,-2024-04-08-181724_png_jpg,4,False,0,4,0,0,0
661,000661.jpg,409,268,train,-2024-04-08-181353_png.jpg,5,False,0,5,0,0,0
662,000662.jpg,393,242,train,-2024-04-08-181009.png,5,False,0,5,0,0,0
663,000663.jpg,317,175,train,-2024-04-09-190750.png,6,False,0,6,0,0,0
664,000664.jpg,640,640,train,c8902ef8e99e0a92d38e98ccb831d94_png_jpg,10,False,0,10,0,0,0
665,000665.jpg,500,500,train,000021.jpg,1,False,0,0,1,0,0
666,000666.jpg,640,640,train,-2024-04-08-181729_png_jpg,4,False,0,4,0,0,0
667,000667.jpg,416,416,train,417_original_png.jpg,5,False,0,0,0,5,0
668,000668.jpg,640,640,train,images-5-_jpg,8,False,0,8,0,0,0
669,000669.jpg,414,262,train,-2024-04-08-181425_png.jpg,5,False,0,5,0,0,0
670,000670.jpg,525,255,train,-_20230924182509.png,5,False,0,5,0,0,0
671,000671.jpg,640,640,train,-_20230708190625_png_jpg,6,False,0,6,0,0,0
672,000672.jpg,416,416,train,16c3ab3b-13.jpg,30,False,0,0,0,30,0
673,000673.jpg,456,575,train,a11e48597575f2867df096f0aff0f8c_png.jpg,10,False,0,10,0,0,0
674,000674.jpg,640,640,train,-2024-04-08-181441_png_jpg,5,False,0,5,0,0,0
675,000675.jpg,640,640,train,52a9972f9c6177ed93c9ee9718fb72a_png_jpg,10,False,0,10,0,0,0
676,000676.jpg,640,640,train,-_20230924182515_png_jpg,10,False,0,10,0,0,0
677,000677.jpg,416,416,train,16c3ab3b-13.jpg,24,False,0,0,0,24,0
678,000678.jpg,416,416,valid,8c41814c-8.jpg,29,False,0,0,0,29,0
679,000679.jpg,640,640,train,-_20230708190548_png_jpg,3,False,0,3,0,0,0
680,000680.jpg,304,369,train,-2024-04-08-180117_png.jpg,3,False,0,0,3,0,0
681,000681.jpg,720,1280,train,5aeda55e-e86e-4770-94a6-a8d9f22712e0.jpg,91,False,0,0,91,0,0
682,000682.jpg,640,640,train,-_20230708190558_png_jpg,20,False,0,20,0,0,0
683,000683.jpg,345,256,valid,55f2e3dcaca58008c38d3de88bfed5a_png.jpg,20,False,0,20,0,0,0
684,000684.jpg,608,1080,train,139164d9-2ca0-4ab8-b0c4-593cea19ab1b.jpg,214,False,0,0,214,0,0
685,000685.jpg,848,461,train,-_20240404161218_png.jpg,7,False,0,7,0,0,0
686,000686.jpg,640,640,valid,Besi-T-Beam_jpg,17,False,0,17,0,0,0
687,000687.jpg,416,416,train,417_original_png.jpg,22,False,0,0,0,22,0
688,000688.jpg,640,640,train,-2024-04-08-181616_png_jpg,8,False,0,8,0,0,0
689,000689.jpg,640,640,train,-2024-04-10-133618_png_jpg,4,False,0,4,0,0,0
690,000690.jpg,600,445,train,img_121.jpg,5,False,0,0,5,0,0
691,000691.jpg,640,640,train,images_jpg,5,False,0,5,0,0,0
692,000692.jpg,640,640,test,-_20240404161141_png_jpg,7,False,0,7,0,0,0
693,000693.jpg,640,640,train,-2024-04-09-190707_png_jpg,6,False,0,6,0,0,0
694,000694.jpg,544,521,train,eb43f681d886ca1a7f144046469daf0.png,5,False,0,5,0,0,0
695,000695.jpg,640,640,train,-2024-04-08-181435_png_jpg,5,False,0,5,0,0,0
696,000696.jpg,493,624,train,103f559751e75f575b7101078f8b0fa.png,19,False,0,19,0,0,0
697,000697.jpg,574,1020,train,aefc528c-6ee9-4f61-81f9-c945f58343dd.jpg,45,False,0,0,45,0,0
698,000698.jpg,640,640,train,-2024-04-08-181001_png,10,False,0,10,0,0,0
699,000699.jpg,640,640,train,Welded-Steel-Section-with-T-Shape_jpg,13,False,0,13,0,0,0
700,000700.jpg,233,196,train,-2024-04-10-132218.png,5,False,0,5,0,0,0
701,000701.jpg,640,640,valid,-2024-04-08-181056_png_jpg,3,False,0,3,0,0,0
702,000702.jpg,640,640,train,d01bdd40-12_jpg,40,False,0,0,0,40,0
703,000703.jpg,640,640,train,0f4060d50c39f101b100626f93d1f04_png_jpg,10,False,0,10,0,0,0
704,000704.jpg,640,640,train,xc066iwm_png_jpg,8,False,0,8,0,0,0
705,000705.jpg,640,640,train,-2024-04-09-190750_png_jpg,6,False,0,6,0,0,0
706,000706.jpg,484,283,train,-_20230924182506_png.jpg,5,False,0,5,0,0,0
707,000707.jpg,810,1080,train,7f954053-8e72-4556-82a9-809ff3810fb1.jpg,273,False,52,0,221,0,0
708,000708.jpg,353,191,train,-2024-04-09-190738.png,5,False,0,5,0,0,0
709,000709.jpg,138,137,train,xc066iwm_png.jpg,8,False,0,8,0,0,0
710,000710.jpg,416,416,train,d01bdd40-12.jpg,32,False,0,0,0,32,0
711,000711.jpg,416,416,valid,8c41814c-8.jpg,6,False,0,0,0,6,0
712,000712.jpg,640,640,train,-_20230820171912_png_jpg,23,False,0,23,0,0,0
713,000713.jpg,1080,810,train,759f370d-c956-46cf-aa38-c9d6059b855d.jpg,0,True,0,0,0,0,0
714,000714.jpg,140,140,train,I-beam-price17.jpg,1,False,0,0,1,0,0
715,000715.jpg,599,534,train,-_20230708190625_png.jpg,1,False,0,1,0,0,0
716,000716.jpg,225,225,train,images-5-.jpg,8,False,0,8,0,0,0
717,000717.jpg,500,500,train,d2e9bf12-6da6-49ed-89c2-e7a31326df59.png,3,False,0,3,0,0,0
718,000718.jpg,640,640,train,-2024-04-08-181107_png_jpg,6,False,0,6,0,0,0
719,000719.jpg,640,640,train,-2024-04-08-181539_png_jpg,3,False,0,3,0,0,0
720,000720.jpg,286,314,train,-2024-04-08-181147.png,11,False,0,11,0,0,0
721,000721.jpg,574,1020,train,59041c11-42aa-4be6-8cec-333e68075cfe.jpg,221,False,0,0,221,0,0
722,000722.jpg,559,538,train,-_20230924182429_png.jpg,3,False,0,0,3,0,0
723,000723.jpg,640,640,train,923a108f41cc108b080c4fe180deb58_png_jpg,10,False,0,10,0,0,0
724,000724.jpg,416,416,train,fe395024-27.jpg,20,False,0,0,0,20,0
725,000725.jpg,640,640,train,-2024-04-09-190957_png_jpg,14,False,0,14,0,0,0
726,000726.jpg,1080,486,train,6c04c28e-cc96-43cc-9e1f-b2d0d0c7c5ee.jpg,421,False,421,0,0,0,0
727,000727.jpg,367,231,train,-2024-04-08-181358_png.jpg,5,False,0,5,0,0,0
728,000728.jpg,640,640,train,-2024-04-08-181319_png_jpg,7,False,0,7,0,0,0
729,000729.jpg,394,198,test,-2024-04-08-181342_png.jpg,5,False,0,5,0,0,0
730,000730.jpg,640,640,valid,d2e9bf12-6da6-49ed-89c2-e7a31326df59_png,3,False,0,3,0,0,0
731,000731.jpg,299,340,train,-2024-04-08-181153.png,10,False,0,10,0,0,0
732,000732.jpg,640,640,train,-_20230708190625_png_jpg,13,False,0,13,0,0,0
733,000733.jpg,416,416,train,d01bdd40-12.jpg,23,False,0,0,0,23,0
734,000734.jpg,640,640,valid,-2024-04-08-181746_png,5,False,0,5,0,0,0
735,000735.jpg,640,640,train,-2024-04-09-190738_png_jpg,5,False,0,5,0,0,0
736,000736.jpg,640,640,train,-2024-04-10-131727_png_jpg,6,False,0,6,0,0,0
737,000737.jpg,640,640,train,-2024-04-10-132132_png_jpg,8,False,0,8,0,0,0
738,000738.jpg,233,131,train,-2024-04-10-133618_png.jpg,4,False,0,4,0,0,0
739,000739.jpg,640,640,train,-2024-04-08-181446_png_jpg,4,False,0,4,0,0,0
740,000740.jpg,500,500,train,steelbeam21.jpg,4,False,0,0,4,0,0
741,000741.jpg,640,640,train,xc066iwm_png_jpg,8,False,0,8,0,0,0
742,000742.jpg,360,253,train,-2024-04-08-181446_png.jpg,5,False,0,5,0,0,0
