source_group,n_canonical_images,original_splits,crosses_original_splits,objects_total,Channel,T-beam,HI-Beam,Angle Bar,Sheet Pile,negative_images
-2024-04-08-175454.png,1,train,False,3,0,0,3,0,0,0
-2024-04-08-175552.png,1,train,False,4,0,0,4,0,0,0
-2024-04-08-175631.png,1,test,False,2,0,0,2,0,0,0
-2024-04-08-175642.png,1,train,False,2,0,0,2,0,0,0
-2024-04-08-175651_png.jpg,1,train,False,3,0,0,3,0,0,0
-2024-04-08-175704.png,1,train,False,3,0,0,3,0,0,0
-2024-04-08-175704_png.jpg,1,train,False,3,0,0,3,0,0,0
-2024-04-08-175718_png.jpg,1,train,False,4,0,0,4,0,0,0
-2024-04-08-175806.png,1,train,False,8,0,0,8,0,0,0
-2024-04-08-175806_png.jpg,1,train,False,8,0,0,8,0,0,0
-2024-04-08-175815_png.jpg,1,train,False,4,0,0,4,0,0,0
-2024-04-08-175838.png,1,train,False,6,0,0,6,0,0,0
-2024-04-08-175857_png.jpg,1,valid,False,5,0,0,5,0,0,0
-2024-04-08-175906_png.jpg,1,train,False,2,0,0,2,0,0,0
-2024-04-08-180015_png.jpg,1,valid,False,4,0,0,4,0,0,0
-2024-04-08-180035_png.jpg,1,train,False,4,0,0,4,0,0,0
-2024-04-08-180059_png.jpg,1,train,False,3,0,0,3,0,0,0
-2024-04-08-180117.png,1,train,False,2,0,0,2,0,0,0
-2024-04-08-180117_png.jpg,1,train,False,3,0,0,3,0,0,0
-2024-04-08-180136_png.jpg,1,test,False,2,0,0,2,0,0,0
-2024-04-08-180147_png.jpg,1,test,False,3,0,0,3,0,0,0
-2024-04-08-180157_png.jpg,1,train,False,3,0,0,3,0,0,0
-2024-04-08-180928.png,1,train,False,11,0,11,0,0,0,0
-2024-04-08-180928_png.jpg,1,train,False,10,0,10,0,0,0,0
-2024-04-08-180928_png_jpg,2,train|valid,True,20,0,20,0,0,0,0
-2024-04-08-180937.png,1,test,False,10,0,10,0,0,0,0
-2024-04-08-180937_png,1,train,False,10,0,10,0,0,0,0
-2024-04-08-180937_png.jpg,1,train,False,10,0,10,0,0,0,0
-2024-04-08-180937_png_jpg,1,train,False,11,0,11,0,0,0,0
-2024-04-08-180945_png_jpg,3,train,False,30,0,30,0,0,0,0
-2024-04-08-180955.png,1,train,False,10,0,10,0,0,0,0
-2024-04-08-180955_png.jpg,1,train,False,10,0,10,0,0,0,0
-2024-04-08-180955_png_jpg,3,test|train,True,30,0,30,0,0,0,0
-2024-04-08-181001.png,1,train,False,10,0,10,0,0,0,0
-2024-04-08-181001_png,1,train,False,10,0,10,0,0,0,0
-2024-04-08-181001_png_jpg,1,train,False,10,0,10,0,0,0,0
-2024-04-08-181009.png,1,test,False,5,0,5,0,0,0,0
-2024-04-08-181009_png.jpg,1,train,False,5,0,5,0,0,0,0
-2024-04-08-181009_png_jpg,2,train,False,10,0,10,0,0,0,0
-2024-04-08-181030.png,1,train,False,4,0,4,0,0,0,0
-2024-04-08-181030_png.jpg,1,train,False,4,0,4,0,0,0,0
-2024-04-08-181030_png_jpg,4,train,False,18,0,18,0,0,0,0
-2024-04-08-181047.png,1,train,False,5,0,5,0,0,0,0
-2024-04-08-181047_png,1,train,False,5,0,5,0,0,0,0
-2024-04-08-181047_png.jpg,1,train,False,5,0,5,0,0,0,0
-2024-04-08-181047_png_jpg,2,train,False,10,0,10,0,0,0,0
-2024-04-08-181056.png,1,train,False,3,0,3,0,0,0,0
-2024-04-08-181056_png.jpg,1,train,False,3,0,3,0,0,0,0
-2024-04-08-181056_png_jpg,3,train|valid,True,8,0,8,0,0,0,0
-2024-04-08-181107.png,1,train,False,3,0,3,0,0,0,0
-2024-04-08-181107_png_jpg,3,train,False,18,0,18,0,0,0,0
-2024-04-08-181115.png,1,test,False,3,0,3,0,0,0,0
-2024-04-08-181115_png.jpg,1,train,False,3,0,3,0,0,0,0
-2024-04-08-181115_png_jpg,3,train|valid,True,10,0,10,0,0,0,0
-2024-04-08-181132.png,1,train,False,10,0,10,0,0,0,0
-2024-04-08-181132_png_jpg,2,train,False,20,0,20,0,0,0,0
-2024-04-08-181137.png,1,train,False,10,0,10,0,0,0,0
-2024-04-08-181137_png_jpg,1,train,False,10,0,10,0,0,0,0
-2024-04-08-181147.png,1,train,False,11,0,11,0,0,0,0
-2024-04-08-181147_png.jpg,1,valid,False,10,0,10,0,0,0,0
-2024-04-08-181153.png,1,train,False,10,0,10,0,0,0,0
-2024-04-08-181153_png,1,train,False,10,0,10,0,0,0,0
-2024-04-08-181153_png.jpg,1,train,False,10,0,10,0,0,0,0
-2024-04-08-181153_png_jpg,3,train,False,30,0,30,0,0,0,0
-2024-04-08-181203.png,1,train,False,5,0,5,0,0,0,0
-2024-04-08-181203_png.jpg,1,test,False,5,0,5,0,0,0,0
-2024-04-08-181203_png_jpg,1,valid,False,5,0,5,0,0,0,0
-2024-04-08-181226.png,1,train,False,1,0,1,0,0,0,0
-2024-04-08-181226_png.jpg,1,train,False,10,0,10,0,0,0,0
-2024-04-08-181235.png,1,train,False,5,0,5,0,0,0,0
-2024-04-08-181235_png.jpg,1,valid,False,5,0,5,0,0,0,0
-2024-04-08-181235_png_jpg,3,train,False,15,0,15,0,0,0,0
-2024-04-08-181248.png,1,train,False,10,0,10,0,0,0,0
-2024-04-08-181248_png.jpg,1,train,False,10,0,10,0,0,0,0
-2024-04-08-181248_png_jpg,2,train|valid,True,20,0,20,0,0,0,0
-2024-04-08-181302.png,1,train,False,4,0,4,0,0,0,0
-2024-04-08-181302_png.jpg,1,train,False,4,0,4,0,0,0,0
-2024-04-08-181302_png_jpg,3,train,False,12,0,12,0,0,0,0
-2024-04-08-181319.png,1,test,False,5,0,5,0,0,0,0
-2024-04-08-181319_png.jpg,1,train,False,5,0,5,0,0,0,0
-2024-04-08-181319_png_jpg,2,test|train,True,12,0,12,0,0,0,0
-2024-04-08-181324.png,1,train,False,5,0,5,0,0,0,0
-2024-04-08-181324_png.jpg,1,train,False,5,0,5,0,0,0,0
-2024-04-08-181324_png_jpg,2,train|valid,True,10,0,10,0,0,0,0
-2024-04-08-181332.png,1,train,False,5,0,5,0,0,0,0
-2024-04-08-181332_png_jpg,3,train,False,15,0,15,0,0,0,0
-2024-04-08-181337.png,1,train,False,5,0,5,0,0,0,0
-2024-04-08-181337_png.jpg,1,train,False,5,0,5,0,0,0,0
-2024-04-08-181337_png_jpg,3,train,False,15,0,15,0,0,0,0
-2024-04-08-181342.png,1,test,False,5,0,5,0,0,0,0
-2024-04-08-181342_png.jpg,1,valid,False,5,0,5,0,0,0,0
-2024-04-08-181342_png_jpg,2,train|valid,True,10,0,10,0,0,0,0
-2024-04-08-181353.png,1,train,False,5,0,5,0,0,0,0
-2024-04-08-181353_png.jpg,1,train,False,5,0,5,0,0,0,0
-2024-04-08-181353_png_jpg,3,test|train,True,15,0,15,0,0,0,0
-2024-04-08-181358.png,1,train,False,5,0,5,0,0,0,0
-2024-04-08-181358_png.jpg,1,train,False,5,0,5,0,0,0,0
-2024-04-08-181358_png_jpg,1,train,False,5,0,5,0,0,0,0
-2024-04-08-181403.png,1,train,False,5,0,5,0,0,0,0
-2024-04-08-181403_png.jpg,1,train,False,5,0,5,0,0,0,0
-2024-04-08-181403_png_jpg,3,train|valid,True,15,0,15,0,0,0,0
-2024-04-08-181409.png,1,train,False,5,0,5,0,0,0,0
-2024-04-08-181409_png,1,train,False,5,0,5,0,0,0,0
-2024-04-08-181409_png_jpg,1,train,False,5,0,5,0,0,0,0
-2024-04-08-181425.png,1,train,False,5,0,5,0,0,0,0
-2024-04-08-181425_png.jpg,1,train,False,5,0,5,0,0,0,0
-2024-04-08-181425_png_jpg,3,test|train,True,16,0,16,0,0,0,0
-2024-04-08-181430.png,1,train,False,5,0,5,0,0,0,0
-2024-04-08-181430_png.jpg,1,train,False,5,0,5,0,0,0,0
-2024-04-08-181430_png_jpg,1,train,False,5,0,5,0,0,0,0
-2024-04-08-181435.png,1,train,False,5,0,5,0,0,0,0
-2024-04-08-181435_png,1,train,False,5,0,5,0,0,0,0
-2024-04-08-181435_png.jpg,1,train,False,5,0,5,0,0,0,0
-2024-04-08-181435_png_jpg,3,train|valid,True,15,0,15,0,0,0,0
-2024-04-08-181441.png,1,train,False,5,0,5,0,0,0,0
-2024-04-08-181441_png.jpg,1,train,False,5,0,5,0,0,0,0
-2024-04-08-181441_png_jpg,2,test|train,True,10,0,10,0,0,0,0
-2024-04-08-181446.png,1,train,False,5,0,5,0,0,0,0
-2024-04-08-181446_png.jpg,1,train,False,5,0,5,0,0,0,0
-2024-04-08-181446_png_jpg,3,train,False,13,0,13,0,0,0,0
-2024-04-08-181453.png,1,train,False,5,0,5,0,0,0,0
-2024-04-08-181453_png,1,train,False,5,0,5,0,0,0,0
-2024-04-08-181453_png_jpg,3,train|valid,True,15,0,15,0,0,0,0
-2024-04-08-181514.png,1,train,False,5,0,5,0,0,0,0
-2024-04-08-181514_png_jpg,2,train|valid,True,11,0,11,0,0,0,0
-2024-04-08-181520.png,1,train,False,5,0,5,0,0,0,0
-2024-04-08-181520_png,1,train,False,5,0,5,0,0,0,0
-2024-04-08-181520_png.jpg,1,train,False,5,0,5,0,0,0,0
-2024-04-08-181520_png_jpg,3,train,False,15,0,15,0,0,0,0
-2024-04-08-181529.png,1,train,False,5,0,5,0,0,0,0
-2024-04-08-181529_png_jpg,1,train,False,5,0,5,0,0,0,0
-2024-04-08-181539.png,1,test,False,4,0,4,0,0,0,0
-2024-04-08-181539_png_jpg,1,train,False,3,0,3,0,0,0,0
-2024-04-08-181545.png,1,train,False,7,0,7,0,0,0,0
-2024-04-08-181545_png_jpg,1,train,False,3,0,3,0,0,0,0
-2024-04-08-181549.png,1,train,False,5,0,5,0,0,0,0
-2024-04-08-181549_png_jpg,3,test|train,True,15,0,15,0,0,0,0
-2024-04-08-181609.png,1,test,False,8,0,8,0,0,0,0
-2024-04-08-181609_png_jpg,2,train,False,18,0,18,0,0,0,0
-2024-04-08-181616.png,1,test,False,7,0,7,0,0,0,0
-2024-04-08-181616_png,1,valid,False,8,0,8,0,0,0,0
-2024-04-08-181616_png_jpg,3,train|valid,True,24,0,24,0,0,0,0
-2024-04-08-181644.png,1,train,False,7,0,7,0,0,0,0
-2024-04-08-181644_png.jpg,1,train,False,7,0,7,0,0,0,0
-2024-04-08-181644_png_jpg,1,train,False,8,0,8,0,0,0,0
-2024-04-08-181703.png,1,train,False,6,0,6,0,0,0,0
-2024-04-08-181703_png,1,train,False,8,0,8,0,0,0,0
-2024-04-08-181703_png_jpg,3,test|train,True,14,0,14,0,0,0,0
-2024-04-08-181724.png,1,train,False,4,0,4,0,0,0,0
-2024-04-08-181724_png_jpg,3,train|valid,True,12,0,12,0,0,0,0
-2024-04-08-181729.png,1,train,False,5,0,5,0,0,0,0
-2024-04-08-181729_png,1,train,False,4,0,4,0,0,0,0
-2024-04-08-181729_png_jpg,3,train|valid,True,13,0,13,0,0,0,0
-2024-04-08-181739.png,1,train,False,5,0,5,0,0,0,0
-2024-04-08-181739_png_jpg,1,train,False,5,0,5,0,0,0,0
-2024-04-08-181746.png,1,test,False,5,0,5,0,0,0,0
-2024-04-08-181746_png,1,train,False,5,0,5,0,0,0,0
-2024-04-08-181746_png_jpg,2,train,False,9,0,9,0,0,0,0
-2024-04-08-181752.png,1,train,False,5,0,5,0,0,0,0
-2024-04-08-181752_png,1,train,False,5,0,5,0,0,0,0
-2024-04-08-181752_png_jpg,3,test|train,True,14,0,14,0,0,0,0
-2024-04-08-181800.png,1,train,False,9,0,9,0,0,0,0
-2024-04-08-181800_png.jpg,1,train,False,9,0,9,0,0,0,0
-2024-04-08-181800_png_jpg,1,test,False,6,0,6,0,0,0,0
-2024-04-08-181805.png,1,train,False,5,0,5,0,0,0,0
-2024-04-08-181805_png.jpg,1,train,False,4,0,4,0,0,0,0
-2024-04-08-181819.png,1,train,False,10,0,10,0,0,0,0
-2024-04-08-181819_png_jpg,3,train,False,26,0,26,0,0,0,0
-2024-04-08-181825.png,1,train,False,5,0,5,0,0,0,0
-2024-04-08-181825_png_jpg,1,train,False,4,0,4,0,0,0,0
-2024-04-09-190603.png,1,train,False,6,0,6,0,0,0,0
-2024-04-09-190603_png_jpg,3,train,False,15,0,15,0,0,0,0
-2024-04-09-190611_png_jpg,2,test|train,True,12,0,12,0,0,0,0
-2024-04-09-190619.png,1,train,False,6,0,6,0,0,0,0
-2024-04-09-190619_png,1,train,False,6,0,6,0,0,0,0
-2024-04-09-190619_png_jpg,2,train,False,12,0,12,0,0,0,0
-2024-04-09-190630.png,1,train,False,5,0,5,0,0,0,0
-2024-04-09-190630_png_jpg,3,train,False,13,0,13,0,0,0,0
-2024-04-09-190637.png,1,train,False,6,0,6,0,0,0,0
-2024-04-09-190648.png,1,test,False,8,0,8,0,0,0,0
-2024-04-09-190648_png_jpg,1,train,False,8,0,8,0,0,0,0
-2024-04-09-190700.png,1,train,False,5,0,5,0,0,0,0
-2024-04-09-190700_png_jpg,3,test|train,True,15,0,15,0,0,0,0
-2024-04-09-190707.png,1,train,False,6,0,6,0,0,0,0
-2024-04-09-190707_png_jpg,1,train,False,6,0,6,0,0,0,0
-2024-04-09-190716_png_jpg,3,train|valid,True,18,0,18,0,0,0,0
-2024-04-09-190723.png,1,train,False,4,0,4,0,0,0,0
-2024-04-09-190723_png_jpg,3,test|train|valid,True,12,0,12,0,0,0,0
-2024-04-09-190738.png,1,train,False,5,0,5,0,0,0,0
-2024-04-09-190738_png,1,test,False,5,0,5,0,0,0,0
-2024-04-09-190738_png_jpg,3,train|valid,True,15,0,15,0,0,0,0
-2024-04-09-190744.png,1,train,False,6,0,6,0,0,0,0
-2024-04-09-190744_png_jpg,3,test|train,True,18,0,18,0,0,0,0
-2024-04-09-190750.png,1,train,False,6,0,6,0,0,0,0
-2024-04-09-190750_png_jpg,3,train,False,17,0,17,0,0,0,0
-2024-04-09-190757.png,1,train,False,6,0,6,0,0,0,0
-2024-04-09-190757_png_jpg,2,train,False,12,0,12,0,0,0,0
-2024-04-09-190957.png,1,train,False,15,0,15,0,0,0,0
-2024-04-09-190957_png_jpg,3,test|train,True,43,0,43,0,0,0,0
-2024-04-10-131727.png,1,train,False,6,0,6,0,0,0,0
-2024-04-10-131727_png_jpg,3,test|train,True,18,0,18,0,0,0,0
-2024-04-10-131903.png,1,train,False,12,0,12,0,0,0,0
-2024-04-10-131903_png.jpg,1,train,False,11,0,11,0,0,0,0
-2024-04-10-131903_png_jpg,1,train,False,12,0,12,0,0,0,0
-2024-04-10-132132.png,1,train,False,7,0,7,0,0,0,0
-2024-04-10-132132_png,1,train,False,7,0,7,0,0,0,0
-2024-04-10-132132_png_jpg,3,train,False,22,0,22,0,0,0,0
-2024-04-10-132159.png,1,train,False,7,0,7,0,0,0,0
-2024-04-10-132159_png_jpg,3,train,False,21,0,21,0,0,0,0
-2024-04-10-132218.png,1,valid,False,5,0,5,0,0,0,0
-2024-04-10-132218_png.jpg,1,train,False,5,0,5,0,0,0,0
-2024-04-10-132218_png_jpg,2,train|valid,True,10,0,10,0,0,0,0
-2024-04-10-132306.png,1,train,False,6,0,6,0,0,0,0
-2024-04-10-132306_png.jpg,1,test,False,6,0,6,0,0,0,0
-2024-04-10-132306_png_jpg,3,train|valid,True,19,0,19,0,0,0,0
-2024-04-10-133445.png,1,train,False,6,0,6,0,0,0,0
-2024-04-10-133445_png,1,train,False,6,0,6,0,0,0,0
-2024-04-10-133445_png_jpg,3,train,False,16,0,16,0,0,0,0
-2024-04-10-133606.png,1,test,False,3,0,3,0,0,0,0
-2024-04-10-133606_png.jpg,1,train,False,3,0,3,0,0,0,0
-2024-04-10-133606_png_jpg,2,train,False,7,0,7,0,0,0,0
-2024-04-10-133618.png,1,train,False,4,0,4,0,0,0,0
-2024-04-10-133618_png.jpg,1,train,False,4,0,4,0,0,0,0
-2024-04-10-133618_png_jpg,3,train,False,12,0,12,0,0,0,0
-2024-04-10-133630.png,1,train,False,6,0,6,0,0,0,0
-2024-04-10-133630_png_jpg,3,train,False,18,0,18,0,0,0,0
-_20230705013609.png,1,valid,False,3,0,3,0,0,0,0
-_20230705013609_png.jpg,1,train,False,3,0,3,0,0,0,0
-_20230705013609_png_jpg,2,train,False,6,0,6,0,0,0,0
-_20230708190548.png,1,train,False,3,0,3,0,0,0,0
-_20230708190548_png.jpg,1,train,False,3,0,3,0,0,0,0
-_20230708190548_png_jpg,3,train,False,9,0,9,0,0,0,0
-_20230708190552.png,1,train,False,2,0,2,0,0,0,0
-_20230708190552_png.jpg,1,test,False,2,0,2,0,0,0,0
-_20230708190552_png_jpg,3,train|valid,True,6,0,6,0,0,0,0
-_20230708190558.png,1,valid,False,20,0,20,0,0,0,0
-_20230708190558_png.jpg,1,train,False,19,0,19,0,0,0,0
-_20230708190558_png_jpg,4,train,False,78,0,78,0,0,0,0
-_20230708190603.png,1,valid,False,21,0,21,0,0,0,0
-_20230708190603_png.jpg,1,train,False,19,0,19,0,0,0,0
-_20230708190603_png_jpg,1,train,False,20,0,20,0,0,0,0
-_20230708190618.png,1,train,False,4,0,4,0,0,0,0
-_20230708190618_png.jpg,1,train,False,4,0,4,0,0,0,0
-_20230708190618_png_jpg,4,test|train,True,16,0,16,0,0,0,0
-_20230708190625.png,1,test,False,13,0,13,0,0,0,0
-_20230708190625_png.jpg,1,valid,False,1,0,1,0,0,0,0
-_20230708190625_png_jpg,3,train|valid,True,31,0,31,0,0,0,0
-_20230820171912.png,1,train,False,23,0,23,0,0,0,0
-_20230820171912_png_jpg,3,test|train,True,65,0,65,0,0,0,0
-_20230924182411_png.jpg,1,train,False,6,0,0,6,0,0,0
-_20230924182422_png.jpg,1,train,False,18,0,0,18,0,0,0
-_20230924182425_png.jpg,1,train,False,6,0,0,6,0,0,0
-_20230924182429_png.jpg,1,train,False,3,0,0,3,0,0,0
-_20230924182432.png,1,valid,False,5,0,0,5,0,0,0
-_20230924182432_png.jpg,1,train,False,5,0,0,5,0,0,0
-_20230924182448_png.jpg,1,train,False,4,0,0,4,0,0,0
-_20230924182451_png.jpg,1,valid,False,4,0,0,4,0,0,0
-_20230924182454_png.jpg,1,train,False,4,0,0,4,0,0,0
-_20230924182457_png.jpg,1,train,False,4,0,0,4,0,0,0
-_20230924182500_png.jpg,1,train,False,9,0,0,9,0,0,0
-_20230924182503.png,1,train,False,5,0,5,0,0,0,0
-_20230924182503_png,1,train,False,5,0,5,0,0,0,0
-_20230924182503_png.jpg,1,train,False,5,0,5,0,0,0,0
-_20230924182503_png_jpg,3,train,False,15,0,15,0,0,0,0
-_20230924182506.png,1,train,False,5,0,5,0,0,0,0
-_20230924182506_png.jpg,1,train,False,5,0,5,0,0,0,0
-_20230924182506_png_jpg,4,train,False,20,0,20,0,0,0,0
-_20230924182509.png,1,train,False,5,0,5,0,0,0,0
-_20230924182509_png,1,train,False,5,0,5,0,0,0,0
-_20230924182509_png.jpg,1,train,False,5,0,5,0,0,0,0
-_20230924182509_png_jpg,2,train,False,10,0,10,0,0,0,0
-_20230924182512.png,1,train,False,5,0,5,0,0,0,0
-_20230924182512_png,1,train,False,5,0,5,0,0,0,0
-_20230924182512_png.jpg,1,train,False,5,0,5,0,0,0,0
-_20230924182512_png_jpg,3,train|valid,True,15,0,15,0,0,0,0
-_20230924182515.png,1,train,False,10,0,10,0,0,0,0
-_20230924182515_png.jpg,1,train,False,10,0,10,0,0,0,0
-_20230924182515_png_jpg,4,train,False,40,0,40,0,0,0,0
-_20230924182518.png,1,train,False,5,0,5,0,0,0,0
-_20230924182518_png.jpg,1,test,False,5,0,5,0,0,0,0
-_20230924182518_png_jpg,3,train|valid,True,15,0,15,0,0,0,0
-_20240404161141.png,1,train,False,7,0,7,0,0,0,0
-_20240404161141_png,1,train,False,7,0,7,0,0,0,0
-_20240404161141_png_jpg,3,train,False,21,0,21,0,0,0,0
-_20240404161215.png,1,valid,False,2,0,2,0,0,0,0
-_20240404161215_png,1,train,False,2,0,2,0,0,0,0
-_20240404161215_png.jpg,1,train,False,2,0,2,0,0,0,0
-_20240404161215_png_jpg,3,train,False,7,0,7,0,0,0,0
-_20240404161218.png,1,train,False,7,0,7,0,0,0,0
-_20240404161218_png,1,train,False,7,0,7,0,0,0,0
-_20240404161218_png.jpg,1,train,False,7,0,7,0,0,0,0
-_20240404161218_png_jpg,3,train|valid,True,21,0,21,0,0,0,0
000009.jpg,1,train,False,1,0,0,1,0,0,0
000021.jpg,1,train,False,1,0,0,1,0,0,0
000036.png,1,train,False,1,0,0,1,0,0,0
000038.jpg,1,train,False,4,0,0,4,0,0,0
000044.png,1,train,False,1,0,0,1,0,0,0
000045.jpg,1,valid,False,1,0,0,1,0,0,0
000053.jpg,1,train,False,2,0,0,2,0,0,0
01f13791-5551-41b7-8fa6-ee5152710173.jpg,1,train,False,48,0,0,48,0,0,0
04584b4c-44e5-41bd-ba2d-7cd0e878ba79.jpg,1,train,False,59,0,0,59,0,0,0
05180fd3-a4e9-4606-b669-980f5c1790a4.jpg,1,train,False,315,0,0,315,0,0,0
05dfrr2l_png.jpg,1,valid,False,23,0,0,23,0,0,0
0804d9c3-5e85-4605-a005-23740bee0700_jpg,1,train,False,17,0,0,17,0,0,0
0ccb3945-bf02-4c23-9328-0dd0bdca6a73.jpg,1,train,False,0,0,0,0,0,0,1
0ee70760-ea1e-4f2d-8dab-180ca80b975d.jpg,1,train,False,372,372,0,0,0,0,0
0ef4dfb4-134b-42d1-941f-1e77e170374f.jpg,1,train,False,100,100,0,0,0,0,0
0f4060d50c39f101b100626f93d1f04.png,1,train,False,10,0,10,0,0,0,0
0f4060d50c39f101b100626f93d1f04_png.jpg,1,train,False,10,0,10,0,0,0,0
0f4060d50c39f101b100626f93d1f04_png_jpg,3,test|train,True,30,0,30,0,0,0,0
0f986a00-5ce7-4b05-9ba0-8534553d2a51.jpg,1,train,False,52,0,0,52,0,0,0
103f559751e75f575b7101078f8b0fa.png,1,train,False,19,0,19,0,0,0,0
103f559751e75f575b7101078f8b0fa_png.jpg,1,train,False,19,0,19,0,0,0,0
103f559751e75f575b7101078f8b0fa_png_jpg,4,train|valid,True,75,0,75,0,0,0,0
1107afa4-cb0c-43c4-a59c-5a82df35f3ca.jpg,1,train,False,36,0,0,36,0,0,0
118217de-aefa-4733-bd3b-a3e7eeaa1144.jpg,1,train,False,154,0,0,154,0,0,0
139164d9-2ca0-4ab8-b0c4-593cea19ab1b.jpg,1,test,False,214,0,0,214,0,0,0
13ee5b15fa3a156bb16bb7383011af0.png,1,train,False,3,0,0,3,0,0,0
13ee5b15fa3a156bb16bb7383011af0_png.jpg,1,train,False,3,0,0,3,0,0,0
14be09c1-6fdb-41d8-83a6-18f6a75e0234.jpg,1,train,False,0,0,0,0,0,0,1
1597886626403_png.jpg,1,train,False,8,0,0,8,0,0,0
1670333703-5cdf9b336c4b445e5e7cfce6.jpg,2,train,False,15,0,0,0,15,0,0
1670333703-5cdf9b336c4b445e5e7cfce6_jpg,2,test|valid,True,19,0,0,0,19,0,0
16c3ab3b-13.jpg,6,test|train,True,162,0,0,0,162,0,0
16c3ab3b-13_jpg,4,train|valid,True,89,0,0,0,89,0,0
18cf4515-b854-44c9-9f58-1e94104e3d57.jpg,1,train,False,56,0,0,0,0,56,0
194277bf-3501-4f42-857d-3edfb330c2c2.jpg,1,test,False,54,0,0,54,0,0,0
19574211-ae62-485d-aa2e-390a7a0d8d07.jpg,1,train,False,86,0,0,86,0,0,0
1a6d38b9-fb29-449b-8476-3a01c93774a7.jpg,1,train,False,42,0,0,42,0,0,0
1a7a4d1b-14e9-4bea-8fe3-bf2a0960401e.jpg,1,train,False,238,0,0,238,0,0,0
1dc16d51-1f31-41d7-81b2-8ea85fdeed96.jpg,1,test,False,0,0,0,0,0,0,1
1dce8876-f9ee-4d23-9c1c-f850859b329f_jpg,1,train,False,18,0,0,18,0,0,0
22066d1d-aea7-451c-a76b-fa428ce913c8.jpg,1,train,False,60,0,0,60,0,0,0
24ensjn6_png.jpg,1,train,False,4,0,0,4,0,0,0
26d68488-3f59-4d3e-8ba2-5f0207fee430.jpg,1,valid,False,0,0,0,0,0,0,1
29e06fc8-2ab9-4e90-bfac-008bc475bc61.jpg,1,train,False,178,178,0,0,0,0,0
29f1f335-5da4-4a9b-b638-88294f28e2f8.jpg,1,train,False,46,0,0,46,0,0,0
2b13b33baf8efae5a7c98d265a29d9b.png,1,train,False,10,0,10,0,0,0,0
2b13b33baf8efae5a7c98d265a29d9b_png_jpg,4,test|train,True,40,0,40,0,0,0,0
2b52f034-07c4-46de-8166-a0f0f5edbd7d.jpg,1,train,False,30,0,0,30,0,0,0
2ea78bdd-bce1-4012-b19e-68c24bef3647.jpg,1,valid,False,195,0,0,195,0,0,0
3335c6b3-082d-4f55-b381-89b6f83418a6.jpg,1,train,False,230,230,0,0,0,0,0
3b4ae7ba-46e9-4ea2-81c8-863f8907b44c.jpg,1,train,False,80,0,0,80,0,0,0
417_original_png.jpg,6,train|valid,True,83,0,0,0,83,0,0
417_original_png_jpg,7,train,False,104,0,0,0,104,0,0
47791c27-13db-4650-bda9-5b1dd804f321.jpg,1,test,False,262,262,0,0,0,0,0
4aedfa6ec53befe81c754afb6a00c59.png,1,train,False,21,0,21,0,0,0,0
4aedfa6ec53befe81c754afb6a00c59_png,1,train,False,17,0,17,0,0,0,0
4aedfa6ec53befe81c754afb6a00c59_png.jpg,1,test,False,19,0,19,0,0,0,0
4aedfa6ec53befe81c754afb6a00c59_png_jpg,1,train,False,18,0,18,0,0,0,0
51d9790d-6350-485f-bc87-bd3aea0b0f45.jpg,1,valid,False,661,661,0,0,0,0,0
52a9972f9c6177ed93c9ee9718fb72a.png,1,train,False,10,0,10,0,0,0,0
52a9972f9c6177ed93c9ee9718fb72a_png,1,test,False,10,0,10,0,0,0,0
52a9972f9c6177ed93c9ee9718fb72a_png.jpg,1,train,False,11,0,11,0,0,0,0
52a9972f9c6177ed93c9ee9718fb72a_png_jpg,2,test|train,True,19,0,19,0,0,0,0
5572f326-9f86-4e0f-a21d-e961d61bef86.jpg,1,train,False,132,0,0,132,0,0,0
55f2e3dcaca58008c38d3de88bfed5a.png,1,train,False,19,0,19,0,0,0,0
55f2e3dcaca58008c38d3de88bfed5a_png,1,train,False,20,0,20,0,0,0,0
55f2e3dcaca58008c38d3de88bfed5a_png.jpg,1,train,False,20,0,20,0,0,0,0
55f2e3dcaca58008c38d3de88bfed5a_png_jpg,3,train,False,58,0,58,0,0,0,0
59041c11-42aa-4be6-8cec-333e68075cfe.jpg,1,test,False,221,0,0,221,0,0,0
5aeda55e-e86e-4770-94a6-a8d9f22712e0.jpg,1,test,False,91,0,0,91,0,0,0
5baa02c65ffc09eaf3235a2eb5be451_png.jpg,1,train,False,12,0,0,12,0,0,0
5cdadad4-c7de-4861-9742-89a437764a4f.jpg,1,train,False,120,0,0,120,0,0,0
63425d5759c4599a8fe3dca4673630a.png,1,valid,False,20,0,20,0,0,0,0
63425d5759c4599a8fe3dca4673630a_png,1,train,False,19,0,19,0,0,0,0
63425d5759c4599a8fe3dca4673630a_png.jpg,1,train,False,20,0,20,0,0,0,0
63425d5759c4599a8fe3dca4673630a_png_jpg,3,test|train,True,56,0,56,0,0,0,0
64d267bd-18be-4d79-80b1-29f83f69812f.jpg,1,train,False,0,0,0,0,0,0,1
65867ef9-762d-4a64-afe5-739d073e49da.jpg,1,train,False,658,658,0,0,0,0,0
66a8f315-fca0-4e1a-8cb9-b56f2f2f2602.jpg,1,valid,False,0,0,0,0,0,0,1
6c04c28e-cc96-43cc-9e1f-b2d0d0c7c5ee.jpg,1,train,False,421,421,0,0,0,0,0
72f629d38f7cad8a5a767fbe1c8c47b.png,1,train,False,10,0,10,0,0,0,0
72f629d38f7cad8a5a767fbe1c8c47b_png.jpg,1,train,False,10,0,10,0,0,0,0
72f629d38f7cad8a5a767fbe1c8c47b_png_jpg,1,train,False,10,0,10,0,0,0,0
7496e1da-eefb-472b-abf2-576548470bf3.jpg,1,train,False,0,0,0,0,0,0,1
759f370d-c956-46cf-aa38-c9d6059b855d.jpg,1,train,False,0,0,0,0,0,0,1
75eca624-51dc-4c3c-b562-01af37c83370.jpg,1,train,False,462,462,0,0,0,0,0
7d2b6e9a3a463279150b7312f8b3ec6.png,1,train,False,10,0,10,0,0,0,0
7d2b6e9a3a463279150b7312f8b3ec6_png.jpg,1,train,False,9,0,9,0,0,0,0
7d2b6e9a3a463279150b7312f8b3ec6_png_jpg,1,valid,False,10,0,10,0,0,0,0
7f2f593r_png.jpg,1,test,False,7,0,0,7,0,0,0
7f954053-8e72-4556-82a9-809ff3810fb1.jpg,1,train,False,273,52,0,221,0,0,0
7p96blxd_png.jpg,1,test,False,5,0,0,5,0,0,0
86605a3e-c9cf-4fbf-aabf-952a7b24b408.jpg,1,train,False,16,0,0,16,0,0,0
88541225-982e-4240-8f6d-e7da49b2e0e2.jpg,1,train,False,42,0,0,42,0,0,0
8aa04eb3-626c-4a67-b793-80ddd774a7c8.jpg,1,train,False,170,170,0,0,0,0,0
8c1ef5ca-bc5b-4f76-9150-408f28da951e.jpg,1,train,False,143,143,0,0,0,0,0
8c41814c-8.jpg,6,test|train|valid,True,103,0,0,0,103,0,0
8c41814c-8_jpg,4,train,False,98,0,0,0,98,0,0
8ea64c42-3a4c-4a22-a4c8-297905eb331a.jpg,1,train,False,42,0,0,42,0,0,0
8hofgt5m_png.jpg,1,test,False,3,0,0,3,0,0,0
923a108f41cc108b080c4fe180deb58.png,1,train,False,10,0,10,0,0,0,0
923a108f41cc108b080c4fe180deb58_png.jpg,1,train,False,10,0,10,0,0,0,0
923a108f41cc108b080c4fe180deb58_png_jpg,3,train|valid,True,30,0,30,0,0,0,0
94586dd6-4b64-4255-8dc0-01b7d8b1ac11.jpg,1,train,False,166,166,0,0,0,0,0
94f76c37-4bb3-4a2d-bdba-4ac1cd4c86cf.jpg,1,train,False,21,0,0,21,0,0,0
9726cfb3c55806a364cf3645086f339_png.jpg,1,train,False,12,0,0,12,0,0,0
9755406a-8517-4ae6-b24d-1230487eeb40.jpg,1,train,False,144,0,0,144,0,0,0
9a4d57a2-0362-4187-bde1-e89688adc324.jpg,1,train,False,154,154,0,0,0,0,0
Besi-T-Beam.jpg,2,train,False,36,0,36,0,0,0,0
Besi-T-Beam_jpg,2,train,False,36,0,36,0,0,0,0
Harga-Besi-T-Beam.jpg,1,valid,False,10,0,10,0,0,0,0
Harga-Besi-T-Beam_jpg,1,train,False,10,0,10,0,0,0,0
I-beam-price1.jpg,1,valid,False,1,0,0,1,0,0,0
I-beam-price10.jpg,1,train,False,5,0,0,5,0,0,0
I-beam-price17.jpg,1,train,False,1,0,0,1,0,0,0
I-beam-price18.jpg,1,train,False,6,0,0,6,0,0,0
I-beam-price4.jpg,1,test,False,1,0,0,1,0,0,0
PHOTO-2024-10-10-14-22-00.jpg,1,train,False,45,0,0,45,0,0,0
PHOTO-2024-10-10-17-33-33.jpg,1,train,False,83,0,0,0,0,83,0
PHOTO-2024-10-10-18-41-20.jpg,1,valid,False,84,0,0,0,0,84,0
SUS-ASTM-Universal-Formwork-Channel-A36-Welding-Steel-H-Beam-for-Bridge-Building-Material.jpg,1,train,False,29,0,0,29,0,0,0
WH-J-1.jpg,1,train,False,0,0,0,0,0,0,1
WH-K-2.jpg,1,train,False,0,0,0,0,0,0,1
WH-K-3.jpg,1,train,False,0,0,0,0,0,0,1
WH-K-4.jpg,1,valid,False,0,0,0,0,0,0,1
WH-K.jpg,1,train,False,0,0,0,0,0,0,1
WH-L-1.jpg,1,test,False,0,0,0,0,0,0,1
WH-L.jpg,1,train,False,0,0,0,0,0,0,1
WHSE-M.jpg,1,test,False,0,0,0,0,0,0,1
Welded-Steel-Section-with-T-Shape.jpg,2,train,False,26,0,26,0,0,0,0
Welded-Steel-Section-with-T-Shape_jpg,1,train,False,13,0,13,0,0,0,0
WhatsApp-Image-2024-12-11-at-16-37-00_5e56e57e_jpg,1,train,False,0,0,0,0,0,0,1
WhatsApp-Image-2024-12-11-at-16-37-01_8cc7dd8c_jpg,1,train,False,0,0,0,0,0,0,1
WhatsApp-Image-2025-12-18-at-09-27-38.jpeg,1,train,False,132,132,0,0,0,0,0
WhatsApp-Image-2025-12-18-at-11-56-00.jpeg,1,train,False,92,0,0,92,0,0,0
YARD-J-1.jpg,1,train,False,0,0,0,0,0,0,1
YARD-J-DEPAN-WH-K.jpg,1,train,False,0,0,0,0,0,0,1
YARD-J-DEPAN-WH-L.jpg,1,train,False,0,0,0,0,0,0,1
YARD-J-LORONG-TIKUS.jpg,1,train,False,0,0,0,0,0,0,1
YARD-J.jpg,1,train,False,0,0,0,0,0,0,1
a11e48597575f2867df096f0aff0f8c.png,1,train,False,10,0,10,0,0,0,0
a11e48597575f2867df096f0aff0f8c_png,1,train,False,10,0,10,0,0,0,0
a11e48597575f2867df096f0aff0f8c_png.jpg,1,train,False,10,0,10,0,0,0,0
a11e48597575f2867df096f0aff0f8c_png_jpg,1,train,False,9,0,9,0,0,0,0
a542eea0-3457-48fb-b251-a2de8b20507b.jpg,1,train,False,33,0,0,33,0,0,0
a7352af9-e798-48f7-b5fa-59d6b5a284ed.jpg,1,train,False,264,264,0,0,0,0,0
aefc528c-6ee9-4f61-81f9-c945f58343dd.jpg,1,train,False,45,0,0,45,0,0,0
ahxol49d.png,1,train,False,6,0,0,6,0,0,0
ahxol49d_png.jpg,1,train,False,13,0,0,13,0,0,0
b13bf2a1-9ea0-457d-b9c3-074405b5f03a.jpg,1,train,False,0,0,0,0,0,0,1
b2493ca8-652e-4282-a8fc-95dea3f64391.jpg,1,train,False,498,498,0,0,0,0,0
bd9682d2-3730-412c-a7c2-d41bafdd9416.png,1,train,False,5,0,5,0,0,0,0
bd9682d2-3730-412c-a7c2-d41bafdd9416_png,1,train,False,5,0,5,0,0,0,0
c00ccebb664def77130f55678b31ed1.png,1,train,False,10,0,10,0,0,0,0
c00ccebb664def77130f55678b31ed1_png,1,train,False,10,0,10,0,0,0,0
c048c3db-14_jpeg.jpg,2,test|train,True,45,0,0,0,45,0,0
c31a9bf3-eb7b-472d-9e20-24b75b5eddc5.jpg,1,train,False,146,146,0,0,0,0,0
c53b2cdbce75a32fd0107fdacfe80da.png,1,test,False,5,0,5,0,0,0,0
c53b2cdbce75a32fd0107fdacfe80da_png,1,valid,False,5,0,5,0,0,0,0
c53f257f-2c37-4a2c-91cf-4bdadea9f7f8.jpg,1,valid,False,154,154,0,0,0,0,0
c58c53af-4792-4ce9-82d5-48642c074a7f.jpg,1,valid,False,475,475,0,0,0,0,0
c60978eed390eee904ede0407128e00.png,1,train,False,10,0,10,0,0,0,0
c60978eed390eee904ede0407128e00_png_jpg,2,train,False,20,0,20,0,0,0,0
c8902ef8e99e0a92d38e98ccb831d94.png,1,train,False,10,0,10,0,0,0,0
c8902ef8e99e0a92d38e98ccb831d94_png.jpg,1,train,False,10,0,10,0,0,0,0
c8902ef8e99e0a92d38e98ccb831d94_png_jpg,3,train,False,30,0,30,0,0,0,0
d01bdd40-12.jpg,6,train|valid,True,147,0,0,0,147,0,0
d01bdd40-12_jpg,2,train|valid,True,70,0,0,0,70,0,0
d2e9bf12-6da6-49ed-89c2-e7a31326df59.png,1,train,False,3,0,3,0,0,0,0
d2e9bf12-6da6-49ed-89c2-e7a31326df59_png,1,valid,False,3,0,3,0,0,0,0
d573a1a8ebd9fed84355b19c820fd55.png,1,train,False,20,0,20,0,0,0,0
d573a1a8ebd9fed84355b19c820fd55_png,1,test,False,21,0,21,0,0,0,0
d5f3ab32-26.jpg,2,train,False,62,0,0,0,62,0,0
d5f3ab32-26_jpg,1,train,False,33,0,0,0,33,0,0
ddf31c9f68566960fe78a1d6bd88ecb.png,1,train,False,4,0,4,0,0,0,0
ddf31c9f68566960fe78a1d6bd88ecb_png,1,train,False,4,0,4,0,0,0,0
e17dace4-abb1-448e-9bce-f2a36f1a99c4.jpg,1,train,False,0,0,0,0,0,0,1
e327edd1-7.jpg,1,train,False,29,0,0,0,29,0,0
e327edd1-7_jpg,1,train,False,39,0,0,0,39,0,0
e6c6ea18-15.jpg,1,train,False,9,0,0,0,9,0,0
e6c6ea18-15_jpg,1,test,False,15,0,0,0,15,0,0
eb43f681d886ca1a7f144046469daf0.png,1,test,False,5,0,5,0,0,0,0
eb43f681d886ca1a7f144046469daf0_png,1,test,False,5,0,5,0,0,0,0
ecfc3327-59d2-4b13-a011-eb51bb05d766.jpg,1,train,False,0,0,0,0,0,0,1
f1b0a59b-29ce-4d9a-80fb-33556ede7ad3.jpg,1,train,False,188,0,0,188,0,0,0
f3336d5d-4d55-453c-8a26-5c7ff938f84d.jpg,1,train,False,28,0,0,28,0,0,0
fe395024-27.jpg,5,test|train,True,155,0,0,0,155,0,0
fe395024-27_jpg,2,train,False,61,0,0,0,61,0,0
images-1-.jpg,2,train,False,6,0,6,0,0,0,0
images-1-_jpg,1,valid,False,3,0,3,0,0,0,0
images-5-.jpg,2,train|valid,True,13,0,13,0,0,0,0
images-5-_jpg,2,test|valid,True,13,0,13,0,0,0,0
images.jpg,2,train,False,11,0,11,0,0,0,0
images_jpg,1,train,False,5,0,5,0,0,0,0
img_113.jpg,2,train,False,2,0,0,2,0,0,0
img_121.jpg,2,train,False,9,0,0,9,0,0,0
img_123.jpg,1,train,False,1,0,0,1,0,0,0
img_128.jpg,1,train,False,3,0,0,3,0,0,0
img_129.jpg,1,train,False,6,0,0,6,0,0,0
img_137.jpg,2,train|valid,True,2,0,0,2,0,0,0
img_138.jpg,1,train,False,2,0,0,2,0,0,0
img_49.jpg,1,valid,False,1,0,0,1,0,0,0
img_52.jpg,1,test,False,3,0,0,3,0,0,0
img_71.jpg,2,train,False,2,0,0,2,0,0,0
img_73.jpg,2,test|train,True,2,0,0,2,0,0,0
img_76.jpg,1,train,False,2,0,0,2,0,0,0
img_88.jpg,1,train,False,2,0,0,2,0,0,0
img_98.jpg,1,train,False,2,0,0,2,0,0,0
irii8idx.png,1,train,False,9,0,9,0,0,0,0
irii8idx_png.jpg,1,valid,False,8,0,8,0,0,0,0
irii8idx_png_jpg,3,test|train|valid,True,26,0,26,0,0,0,0
l1wafxgc_png.jpg,1,train,False,3,0,0,3,0,0,0
l9i3vdsp_png.jpg,1,train,False,2,0,0,2,0,0,0
og.jpg,5,train,False,318,0,0,0,318,0,0
og_jpg,1,train,False,83,0,0,0,83,0,0
product-0323479001538175476-o.jpg,2,test|train,True,24,0,24,0,0,0,0
steelbeam10.jpg,1,valid,False,21,0,0,21,0,0,0
steelbeam100.jpg,1,train,False,60,0,0,60,0,0,0
steelbeam106.jpg,2,train,False,6,0,0,6,0,0,0
steelbeam134.jpg,1,train,False,35,0,0,35,0,0,0
steelbeam148.jpg,1,test,False,146,0,146,0,0,0,0
steelbeam148_jpg,1,train,False,148,0,148,0,0,0,0
steelbeam21.jpg,2,train,False,8,0,0,8,0,0,0
steelbeam46.jpg,1,train,False,8,0,0,8,0,0,0
steelbeam54.jpg,1,train,False,8,0,0,8,0,0,0
steelbeam64.jpg,1,valid,False,4,0,0,4,0,0,0
steelbeam74.jpg,1,train,False,3,0,0,3,0,0,0
steelbeam75.jpg,1,train,False,7,0,0,7,0,0,0
steelbeam79.jpg,1,train,False,6,0,0,6,0,0,0
wq2zir67_png.jpg,1,train,False,4,0,0,4,0,0,0
xc066iwm.png,1,train,False,8,0,8,0,0,0,0
xc066iwm_png.jpg,1,test,False,8,0,8,0,0,0,0
xc066iwm_png_jpg,3,train,False,24,0,24,0,0,0,0
